Model,Scenario,Region,Sector,Unit,Year,Value,Value_diff,Direct Emissions Costs,Indirect Emission Costs,Direct Emission Costs diff,Indirect Emissions Costs diff,Direct baseline,Ind baseline,Value baseline
REMIND-MAgPIE 1.7-3.0,Current Policies,World,Industry,EJ/yr,2020,181.7127,0,6464500188.78562,2240095324410,0,0,6464500188.78562,2240095324410,181.7127
REMIND-MAgPIE 1.7-3.0,Current Policies,World,Industry,EJ/yr,2030,217.3907,0,6753669952.16932,2899744271670,0,0,6753669952.16932,2899744271670,217.3907
REMIND-MAgPIE 1.7-3.0,Current Policies,World,Industry,EJ/yr,2040,259.4227,0,9387725449.56392,3575766322200,0,0,9387725449.56392,3575766322200,259.4227
REMIND-MAgPIE 1.7-3.0,Current Policies,World,Industry,EJ/yr,2050,294.0438,0,13052745820.2273,4190310555310,0,0,13052745820.2273,4190310555310,294.0438
REMIND-MAgPIE 1.7-3.0,Current Policies,World,Industry,EJ/yr,2060,323.8795,0,17557842988.1606,4996135571780,0,0,17557842988.1606,4996135571780,323.8795
REMIND-MAgPIE 1.7-3.0,Current Policies,World,Industry,EJ/yr,2070,347.5915,0,23384165248.0526,6118913380900,0,0,23384165248.0526,6118913380900,347.5915
REMIND-MAgPIE 1.7-3.0,Current Policies,World,Industry,EJ/yr,2080,374.3071,0,30233000318.2266,6670869434000,0,0,30233000318.2266,6670869434000,374.3071
REMIND-MAgPIE 1.7-3.0,Current Policies,World,Industry,EJ/yr,2090,393.0884,0,40717071751.3219,6640385785440,0,0,40717071751.3219,6640385785440,393.0884
REMIND-MAgPIE 1.7-3.0,Current Policies,World,Industry,EJ/yr,2100,404.6012,0,50474923728.8685,7536012936830,0,0,50474923728.8685,7536012936830,404.6012
REMIND-MAgPIE 1.7-3.0,Current Policies,World,Residential and Commercial,EJ/yr,2020,138.524,0,5490000213.63,0,0,0,5490000213.63,0,138.524
REMIND-MAgPIE 1.7-3.0,Current Policies,World,Residential and Commercial,EJ/yr,2030,165.9401,0,6490887718,0,0,0,6490887718,0,165.9401
REMIND-MAgPIE 1.7-3.0,Current Policies,World,Residential and Commercial,EJ/yr,2040,199.6712,0,10663561982.4,0,0,0,10663561982.4,0,199.6712
REMIND-MAgPIE 1.7-3.0,Current Policies,World,Residential and Commercial,EJ/yr,2050,226.6979,0,15567041670,0,0,0,15567041670,0,226.6979
REMIND-MAgPIE 1.7-3.0,Current Policies,World,Residential and Commercial,EJ/yr,2060,251.388,0,20475408391.2,0,0,0,20475408391.2,0,251.388
REMIND-MAgPIE 1.7-3.0,Current Policies,World,Residential and Commercial,EJ/yr,2070,276.0094,0,26329194637.2,0,0,0,26329194637.2,0,276.0094
REMIND-MAgPIE 1.7-3.0,Current Policies,World,Residential and Commercial,EJ/yr,2080,303.8516,0,33479803427.4,0,0,0,33479803427.4,0,303.8516
REMIND-MAgPIE 1.7-3.0,Current Policies,World,Residential and Commercial,EJ/yr,2090,328.7098,0,42834293028.8,0,0,0,42834293028.8,0,328.7098
REMIND-MAgPIE 1.7-3.0,Current Policies,World,Residential and Commercial,EJ/yr,2100,349.9746,0,54546283761.5,0,0,0,54546283761.5,0,349.9746
REMIND-MAgPIE 1.7-3.0,Current Policies,World,Transportation,EJ/yr,2020,118.6948,0,14233993370.6,1812462338220,0,0,14233993370.6,1812462338220,118.6948
REMIND-MAgPIE 1.7-3.0,Current Policies,World,Transportation,EJ/yr,2030,137.5115,0,16454109700,2337606930280,0,0,16454109700,2337606930280,137.5115
REMIND-MAgPIE 1.7-3.0,Current Policies,World,Transportation,EJ/yr,2040,157.7641,0,25481672248,2702638960720,0,0,25481672248,2702638960720,157.7641
REMIND-MAgPIE 1.7-3.0,Current Policies,World,Transportation,EJ/yr,2050,172.067,0,36906722040,3456020841820,0,0,36906722040,3456020841820,172.067
REMIND-MAgPIE 1.7-3.0,Current Policies,World,Transportation,EJ/yr,2060,180.5953,0,50722202917,4186703046770,0,0,50722202917,4186703046770,180.5953
REMIND-MAgPIE 1.7-3.0,Current Policies,World,Transportation,EJ/yr,2070,178.7431,0,64493885648,4367503969800,0,0,64493885648,4367503969800,178.7431
REMIND-MAgPIE 1.7-3.0,Current Policies,World,Transportation,EJ/yr,2080,191.073,0,86630398140,5177771794540,0,0,86630398140,5177771794540,191.073
REMIND-MAgPIE 1.7-3.0,Current Policies,World,Transportation,EJ/yr,2090,186.6324,0,107127689357,4763405253740,0,0,107127689357,4763405253740,186.6324
REMIND-MAgPIE 1.7-3.0,Current Policies,World,Transportation,EJ/yr,2100,201.5511,0,138229571937,5823650931500,0,0,138229571937,5823650931500,201.5511
REMIND-MAgPIE 1.7-3.0,Current Policies,Asia (No Japan),Industry,EJ/yr,2020,86.6998,0,1951762216.15674,3327289197480,0,0,1951762216.15674,3327289197480,86.6998
REMIND-MAgPIE 1.7-3.0,Current Policies,Asia (No Japan),Industry,EJ/yr,2030,109.5913,0,2171782339.58527,4209625844220,0,0,2171782339.58527,4209625844220,109.5913
REMIND-MAgPIE 1.7-3.0,Current Policies,Asia (No Japan),Industry,EJ/yr,2040,134.4904,0,4074228545.76528,5049548958700,0,0,4074228545.76528,5049548958700,134.4904
REMIND-MAgPIE 1.7-3.0,Current Policies,Asia (No Japan),Industry,EJ/yr,2050,152.301,0,6487849687.80413,5045005558370,0,0,6487849687.80413,5045005558370,152.301
REMIND-MAgPIE 1.7-3.0,Current Policies,Asia (No Japan),Industry,EJ/yr,2060,164.2355,0,9236165285.10273,5919049487300,0,0,9236165285.10273,5919049487300,164.2355
REMIND-MAgPIE 1.7-3.0,Current Policies,Asia (No Japan),Industry,EJ/yr,2070,171.0523,0,12319643373.4314,8323528785830,0,0,12319643373.4314,8323528785830,171.0523
REMIND-MAgPIE 1.7-3.0,Current Policies,Asia (No Japan),Industry,EJ/yr,2080,179.5727,0,15927083887.9657,7645017548820,0,0,15927083887.9657,7645017548820,179.5727
REMIND-MAgPIE 1.7-3.0,Current Policies,Asia (No Japan),Industry,EJ/yr,2090,184.0905,0,20559165953.4584,7683448584700,0,0,20559165953.4584,7683448584700,184.0905
REMIND-MAgPIE 1.7-3.0,Current Policies,Asia (No Japan),Industry,EJ/yr,2100,187.9601,0,25140643447.7022,8599666684930,0,0,25140643447.7022,8599666684930,187.9601
REMIND-MAgPIE 1.7-3.0,Current Policies,Asia (No Japan),Residential and Commercial,EJ/yr,2020,43.3093,0,628781147.844585,0,0,0,628781147.844585,0,43.3093
REMIND-MAgPIE 1.7-3.0,Current Policies,Asia (No Japan),Residential and Commercial,EJ/yr,2030,58.468,0,914554325.528512,0,0,0,914554325.528512,0,58.468
REMIND-MAgPIE 1.7-3.0,Current Policies,Asia (No Japan),Residential and Commercial,EJ/yr,2040,78.4341,0,2434636226.38998,0,0,0,2434636226.38998,0,78.4341
REMIND-MAgPIE 1.7-3.0,Current Policies,Asia (No Japan),Residential and Commercial,EJ/yr,2050,92.7169,0,4334138379.54484,0,0,0,4334138379.54484,0,92.7169
REMIND-MAgPIE 1.7-3.0,Current Policies,Asia (No Japan),Residential and Commercial,EJ/yr,2060,103.8707,0,6242560534.37388,0,0,0,6242560534.37388,0,103.8707
REMIND-MAgPIE 1.7-3.0,Current Policies,Asia (No Japan),Residential and Commercial,EJ/yr,2070,113.3167,0,8598312483.46823,0,0,0,8598312483.46823,0,113.3167
REMIND-MAgPIE 1.7-3.0,Current Policies,Asia (No Japan),Residential and Commercial,EJ/yr,2080,123.1373,0,11174831939.7781,0,0,0,11174831939.7781,0,123.1373
REMIND-MAgPIE 1.7-3.0,Current Policies,Asia (No Japan),Residential and Commercial,EJ/yr,2090,130.5732,0,13957400688.6015,0,0,0,13957400688.6015,0,130.5732
REMIND-MAgPIE 1.7-3.0,Current Policies,Asia (No Japan),Residential and Commercial,EJ/yr,2100,136.9358,0,17600117879.61,0,0,0,17600117879.61,0,136.9358
REMIND-MAgPIE 1.7-3.0,Current Policies,Asia (No Japan),Transportation,EJ/yr,2020,34.0922,0,1630873638.12902,1655210851080,0,0,1630873638.12902,1655210851080,34.0922
REMIND-MAgPIE 1.7-3.0,Current Policies,Asia (No Japan),Transportation,EJ/yr,2030,45.349,0,2332144884.21886,2340725503260,0,0,2332144884.21886,2340725503260,45.349
REMIND-MAgPIE 1.7-3.0,Current Policies,Asia (No Japan),Transportation,EJ/yr,2040,56.0807,0,5192430227.8411,2471995796160,0,0,5192430227.8411,2471995796160,56.0807
REMIND-MAgPIE 1.7-3.0,Current Policies,Asia (No Japan),Transportation,EJ/yr,2050,61.6179,0,8222948177.92842,2926493887910,0,0,8222948177.92842,2926493887910,61.6179
REMIND-MAgPIE 1.7-3.0,Current Policies,Asia (No Japan),Transportation,EJ/yr,2060,63.5281,0,11183709557.8279,3302992519260,0,0,11183709557.8279,3302992519260,63.5281
REMIND-MAgPIE 1.7-3.0,Current Policies,Asia (No Japan),Transportation,EJ/yr,2070,61.8433,0,14320954416.3323,3652616060160,0,0,14320954416.3323,3652616060160,61.8433
REMIND-MAgPIE 1.7-3.0,Current Policies,Asia (No Japan),Transportation,EJ/yr,2080,65.6849,0,19699352911.7154,4011512732410,0,0,19699352911.7154,4011512732410,65.6849
REMIND-MAgPIE 1.7-3.0,Current Policies,Asia (No Japan),Transportation,EJ/yr,2090,64.4995,0,24069263937.4697,3828702536880,0,0,24069263937.4697,3828702536880,64.4995
REMIND-MAgPIE 1.7-3.0,Current Policies,Asia (No Japan),Transportation,EJ/yr,2100,68.6958,0,29318764791.58,4436761258750,0,0,29318764791.58,4436761258750,68.6958
REMIND-MAgPIE 1.7-3.0,Current Policies,Middle East + Africa,Industry,EJ/yr,2020,20.528,0,159760411.569609,418570837480,0,0,159760411.569609,418570837480,20.528
REMIND-MAgPIE 1.7-3.0,Current Policies,Middle East + Africa,Industry,EJ/yr,2030,28.2565,0,214649293.697493,639113160870,0,0,214649293.697493,639113160870,28.2565
REMIND-MAgPIE 1.7-3.0,Current Policies,Middle East + Africa,Industry,EJ/yr,2040,37.3263,0,584894837.268537,987308540760,0,0,584894837.268537,987308540760,37.3263
REMIND-MAgPIE 1.7-3.0,Current Policies,Middle East + Africa,Industry,EJ/yr,2050,48.0886,0,1128126895.02799,1466232240520,0,0,1128126895.02799,1466232240520,48.0886
REMIND-MAgPIE 1.7-3.0,Current Policies,Middle East + Africa,Industry,EJ/yr,2060,60.3359,0,1856745196.54208,2064951590790,0,0,1856745196.54208,2064951590790,60.3359
REMIND-MAgPIE 1.7-3.0,Current Policies,Middle East + Africa,Industry,EJ/yr,2070,72.1273,0,3091473842.96401,2677057678290,0,0,3091473842.96401,2677057678290,72.1273
REMIND-MAgPIE 1.7-3.0,Current Policies,Middle East + Africa,Industry,EJ/yr,2080,85.1137,0,4609720470.62386,3476228036410,0,0,4609720470.62386,3476228036410,85.1137
REMIND-MAgPIE 1.7-3.0,Current Policies,Middle East + Africa,Industry,EJ/yr,2090,96.6702,0,8328674636.18502,3748528084800,0,0,8328674636.18502,3748528084800,96.6702
REMIND-MAgPIE 1.7-3.0,Current Policies,Middle East + Africa,Industry,EJ/yr,2100,102.9977,0,11167219004.5859,4391522811440,0,0,11167219004.5859,4391522811440,102.9977
REMIND-MAgPIE 1.7-3.0,Current Policies,Middle East + Africa,Residential and Commercial,EJ/yr,2020,25.1959,0,362783950.31,0,0,0,362783950.31,0,25.1959
REMIND-MAgPIE 1.7-3.0,Current Policies,Middle East + Africa,Residential and Commercial,EJ/yr,2030,31.0889,0,602003332.58,0,0,0,602003332.58,0,31.0889
REMIND-MAgPIE 1.7-3.0,Current Policies,Middle East + Africa,Residential and Commercial,EJ/yr,2040,36.7825,0,1800444929.25,0,0,0,1800444929.25,0,36.7825
REMIND-MAgPIE 1.7-3.0,Current Policies,Middle East + Africa,Residential and Commercial,EJ/yr,2050,42.6839,0,3511836483.18,0,0,0,3511836483.18,0,42.6839
REMIND-MAgPIE 1.7-3.0,Current Policies,Middle East + Africa,Residential and Commercial,EJ/yr,2060,49.5431,0,4828910377.43,0,0,0,4828910377.43,0,49.5431
REMIND-MAgPIE 1.7-3.0,Current Policies,Middle East + Africa,Residential and Commercial,EJ/yr,2070,58.3129,0,6035026821.19,0,0,0,6035026821.19,0,58.3129
REMIND-MAgPIE 1.7-3.0,Current Policies,Middle East + Africa,Residential and Commercial,EJ/yr,2080,69.8043,0,7466636112,0,0,0,7466636112,0,69.8043
REMIND-MAgPIE 1.7-3.0,Current Policies,Middle East + Africa,Residential and Commercial,EJ/yr,2090,83.0571,0,10766714872.5,0,0,0,10766714872.5,0,83.0571
REMIND-MAgPIE 1.7-3.0,Current Policies,Middle East + Africa,Residential and Commercial,EJ/yr,2100,94.7425,0,14524659133.27,0,0,0,14524659133.27,0,94.7425
REMIND-MAgPIE 1.7-3.0,Current Policies,Middle East + Africa,Transportation,EJ/yr,2020,16.6702,0,507445016.29,401435099780,0,0,507445016.29,401435099780,16.6702
REMIND-MAgPIE 1.7-3.0,Current Policies,Middle East + Africa,Transportation,EJ/yr,2030,21.1245,0,709557065.45,576222728070,0,0,709557065.45,576222728070,21.1245
REMIND-MAgPIE 1.7-3.0,Current Policies,Middle East + Africa,Transportation,EJ/yr,2040,26.2706,0,2094922670.1,925935250040,0,0,2094922670.1,925935250040,26.2706
REMIND-MAgPIE 1.7-3.0,Current Policies,Middle East + Africa,Transportation,EJ/yr,2050,31.8705,0,4341750838.05,1437038962280,0,0,4341750838.05,1437038962280,31.8705
REMIND-MAgPIE 1.7-3.0,Current Policies,Middle East + Africa,Transportation,EJ/yr,2060,37.5977,0,7458446436.19,2002523286540,0,0,7458446436.19,2002523286540,37.5977
REMIND-MAgPIE 1.7-3.0,Current Policies,Middle East + Africa,Transportation,EJ/yr,2070,40.9507,0,10714131578.21,2261133230160,0,0,10714131578.21,2261133230160,40.9507
REMIND-MAgPIE 1.7-3.0,Current Policies,Middle East + Africa,Transportation,EJ/yr,2080,48.9981,0,16313011104,3098310415580,0,0,16313011104,3098310415580,48.9981
REMIND-MAgPIE 1.7-3.0,Current Policies,Middle East + Africa,Transportation,EJ/yr,2090,52.7277,0,21702646649.25,3159161645980,0,0,21702646649.25,3159161645980,52.7277
REMIND-MAgPIE 1.7-3.0,Current Policies,Middle East + Africa,Transportation,EJ/yr,2100,61.513,0,30971364683,4329461075910,0,0,30971364683,4329461075910,61.513
REMIND-MAgPIE 1.7-3.0,Current Policies,Latin America,Industry,EJ/yr,2020,14.3952,0,113460972.775142,182297303080,0,0,113460972.775142,182297303080,14.3952
REMIND-MAgPIE 1.7-3.0,Current Policies,Latin America,Industry,EJ/yr,2030,17.813,0,148269379.834645,240556531700,0,0,148269379.834645,240556531700,17.813
REMIND-MAgPIE 1.7-3.0,Current Policies,Latin America,Industry,EJ/yr,2040,21.682,0,397630860.901492,334315520130,0,0,397630860.901492,334315520130,21.682
REMIND-MAgPIE 1.7-3.0,Current Policies,Latin America,Industry,EJ/yr,2050,24.919,0,749157552.352841,422410635660,0,0,749157552.352841,422410635660,24.919
REMIND-MAgPIE 1.7-3.0,Current Policies,Latin America,Industry,EJ/yr,2060,28.3114,0,1182551787.09102,530667568630,0,0,1182551787.09102,530667568630,28.3114
REMIND-MAgPIE 1.7-3.0,Current Policies,Latin America,Industry,EJ/yr,2070,31.3625,0,1823975871.09311,623284068070,0,0,1823975871.09311,623284068070,31.3625
REMIND-MAgPIE 1.7-3.0,Current Policies,Latin America,Industry,EJ/yr,2080,34.1763,0,2457598988.67955,737801309260,0,0,2457598988.67955,737801309260,34.1763
REMIND-MAgPIE 1.7-3.0,Current Policies,Latin America,Industry,EJ/yr,2090,36.2673,0,3250762791.79954,739471360000,0,0,3250762791.79954,739471360000,36.2673
REMIND-MAgPIE 1.7-3.0,Current Policies,Latin America,Industry,EJ/yr,2100,36.7588,0,4080982290.31038,817730154520,0,0,4080982290.31038,817730154520,36.7588
REMIND-MAgPIE 1.7-3.0,Current Policies,Latin America,Residential and Commercial,EJ/yr,2020,6.7347,0,72642101.74,0,0,0,72642101.74,0,6.7347
REMIND-MAgPIE 1.7-3.0,Current Policies,Latin America,Residential and Commercial,EJ/yr,2030,9.1632,0,106766973.21,0,0,0,106766973.21,0,9.1632
REMIND-MAgPIE 1.7-3.0,Current Policies,Latin America,Residential and Commercial,EJ/yr,2040,11.9707,0,332022237.45,0,0,0,332022237.45,0,11.9707
REMIND-MAgPIE 1.7-3.0,Current Policies,Latin America,Residential and Commercial,EJ/yr,2050,14.7597,0,641277849.96,0,0,0,641277849.96,0,14.7597
REMIND-MAgPIE 1.7-3.0,Current Policies,Latin America,Residential and Commercial,EJ/yr,2060,17.751,0,1125664002.63,0,0,0,1125664002.63,0,17.751
REMIND-MAgPIE 1.7-3.0,Current Policies,Latin America,Residential and Commercial,EJ/yr,2070,20.9695,0,1822213023.72,0,0,0,1822213023.72,0,20.9695
REMIND-MAgPIE 1.7-3.0,Current Policies,Latin America,Residential and Commercial,EJ/yr,2080,24.0115,0,2744787635.2,0,0,0,2744787635.2,0,24.0115
REMIND-MAgPIE 1.7-3.0,Current Policies,Latin America,Residential and Commercial,EJ/yr,2090,27.002,0,3955606305.75,0,0,0,3955606305.75,0,27.002
REMIND-MAgPIE 1.7-3.0,Current Policies,Latin America,Residential and Commercial,EJ/yr,2100,29.2988,0,5653422759.83,0,0,0,5653422759.83,0,29.2988
REMIND-MAgPIE 1.7-3.0,Current Policies,Latin America,Transportation,EJ/yr,2020,12.1895,0,372051140.43,191450830320,0,0,372051140.43,191450830320,12.1895
REMIND-MAgPIE 1.7-3.0,Current Policies,Latin America,Transportation,EJ/yr,2030,13.6561,0,459493289.83,223277028010,0,0,459493289.83,223277028010,13.6561
REMIND-MAgPIE 1.7-3.0,Current Policies,Latin America,Transportation,EJ/yr,2040,15.6862,0,1267437138.6,296670346300,0,0,1267437138.6,296670346300,15.6862
REMIND-MAgPIE 1.7-3.0,Current Policies,Latin America,Transportation,EJ/yr,2050,17.0534,0,2367139657.71,395902626210,0,0,2367139657.71,395902626210,17.0534
REMIND-MAgPIE 1.7-3.0,Current Policies,Latin America,Transportation,EJ/yr,2060,17.7951,0,3574922938.27,479256983520,0,0,3574922938.27,479256983520,17.7951
REMIND-MAgPIE 1.7-3.0,Current Policies,Latin America,Transportation,EJ/yr,2070,17.0457,0,4375680256.44,453062284180,0,0,4375680256.44,453062284180,17.0457
REMIND-MAgPIE 1.7-3.0,Current Policies,Latin America,Transportation,EJ/yr,2080,17.1559,0,5351668337.6,535033989370,0,0,5351668337.6,535033989370,17.1559
REMIND-MAgPIE 1.7-3.0,Current Policies,Latin America,Transportation,EJ/yr,2090,16.4529,0,6356714685.75,506143979390,0,0,6356714685.75,506143979390,16.4529
REMIND-MAgPIE 1.7-3.0,Current Policies,Latin America,Transportation,EJ/yr,2100,17.4617,0,8113982958.74,600339595440,0,0,8113982958.74,600339595440,17.4617
REMIND-MAgPIE 1.7-3.0,Current Policies,Central Asia,Industry,EJ/yr,2020,8.9915,0,40188126.104169,80859785040,0,0,40188126.104169,80859785040,8.9915
REMIND-MAgPIE 1.7-3.0,Current Policies,Central Asia,Industry,EJ/yr,2030,8.754,0,44772708.361321,92900401410,0,0,44772708.361321,92900401410,8.754
REMIND-MAgPIE 1.7-3.0,Current Policies,Central Asia,Industry,EJ/yr,2040,8.8113,0,105504032.197266,98637744220,0,0,105504032.197266,98637744220,8.8113
REMIND-MAgPIE 1.7-3.0,Current Policies,Central Asia,Industry,EJ/yr,2050,8.6693,0,180309466.253288,101433048780,0,0,180309466.253288,101433048780,8.6693
REMIND-MAgPIE 1.7-3.0,Current Policies,Central Asia,Industry,EJ/yr,2060,8.3342,0,270367174.512273,115700639920,0,0,270367174.512273,115700639920,8.3342
REMIND-MAgPIE 1.7-3.0,Current Policies,Central Asia,Industry,EJ/yr,2070,8.0585,0,374920811.358665,123964499630,0,0,374920811.358665,123964499630,8.0585
REMIND-MAgPIE 1.7-3.0,Current Policies,Central Asia,Industry,EJ/yr,2080,7.936,0,497263483.452273,138501618820,0,0,497263483.452273,138501618820,7.936
REMIND-MAgPIE 1.7-3.0,Current Policies,Central Asia,Industry,EJ/yr,2090,7.7912,0,633557864.617543,128037024340,0,0,633557864.617543,128037024340,7.7912
REMIND-MAgPIE 1.7-3.0,Current Policies,Central Asia,Industry,EJ/yr,2100,7.6393,0,783555209.434624,136417041340,0,0,783555209.434624,136417041340,7.6393
REMIND-MAgPIE 1.7-3.0,Current Policies,Central Asia,Residential and Commercial,EJ/yr,2020,7.0131,0,72921932.02,0,0,0,72921932.02,0,7.0131
REMIND-MAgPIE 1.7-3.0,Current Policies,Central Asia,Residential and Commercial,EJ/yr,2030,7.0383,0,72437700.62,0,0,0,72437700.62,0,7.0383
REMIND-MAgPIE 1.7-3.0,Current Policies,Central Asia,Residential and Commercial,EJ/yr,2040,7.4126,0,179145930.3,0,0,0,179145930.3,0,7.4126
REMIND-MAgPIE 1.7-3.0,Current Policies,Central Asia,Residential and Commercial,EJ/yr,2050,7.6418,0,297548907.36,0,0,0,297548907.36,0,7.6418
REMIND-MAgPIE 1.7-3.0,Current Policies,Central Asia,Residential and Commercial,EJ/yr,2060,7.7098,0,474938734.04,0,0,0,474938734.04,0,7.7098
REMIND-MAgPIE 1.7-3.0,Current Policies,Central Asia,Residential and Commercial,EJ/yr,2070,7.8132,0,612988782.39,0,0,0,612988782.39,0,7.8132
REMIND-MAgPIE 1.7-3.0,Current Policies,Central Asia,Residential and Commercial,EJ/yr,2080,8.0854,0,708693856,0,0,0,708693856,0,8.0854
REMIND-MAgPIE 1.7-3.0,Current Policies,Central Asia,Residential and Commercial,EJ/yr,2090,8.2988,0,821454345,0,0,0,821454345,0,8.2988
REMIND-MAgPIE 1.7-3.0,Current Policies,Central Asia,Residential and Commercial,EJ/yr,2100,8.444,0,976922054.42,0,0,0,976922054.42,0,8.444
REMIND-MAgPIE 1.7-3.0,Current Policies,Central Asia,Transportation,EJ/yr,2020,3.4143,0,103040743.03,53386520030,0,0,103040743.03,53386520030,3.4143
REMIND-MAgPIE 1.7-3.0,Current Policies,Central Asia,Transportation,EJ/yr,2030,3.5697,0,114874184.72,67659252390,0,0,114874184.72,67659252390,3.5697
REMIND-MAgPIE 1.7-3.0,Current Policies,Central Asia,Transportation,EJ/yr,2040,3.8497,0,289523723.25,68626809810,0,0,289523723.25,68626809810,3.8497
REMIND-MAgPIE 1.7-3.0,Current Policies,Central Asia,Transportation,EJ/yr,2050,4.063,0,523203576.75,72887270920,0,0,523203576.75,72887270920,4.063
REMIND-MAgPIE 1.7-3.0,Current Policies,Central Asia,Transportation,EJ/yr,2060,4.1762,0,800459012.86,87891544860,0,0,800459012.86,87891544860,4.1762
REMIND-MAgPIE 1.7-3.0,Current Policies,Central Asia,Transportation,EJ/yr,2070,4.084,0,1065148481.51,90615894360,0,0,1065148481.51,90615894360,4.084
REMIND-MAgPIE 1.7-3.0,Current Policies,Central Asia,Transportation,EJ/yr,2080,4.1804,0,1404717787.2,117047315180,0,0,1404717787.2,117047315180,4.1804
REMIND-MAgPIE 1.7-3.0,Current Policies,Central Asia,Transportation,EJ/yr,2090,3.7213,0,1397291863.5,98978731120,0,0,1397291863.5,98978731120,3.7213
REMIND-MAgPIE 1.7-3.0,Current Policies,Central Asia,Transportation,EJ/yr,2100,3.8247,0,1656639686.35,117236214930,0,0,1656639686.35,117236214930,3.8247
REMIND-MAgPIE 1.7-3.0,Current Policies,OECD90 + EU,Industry,EJ/yr,2020,51.0982,0,2761404663.52537,2726196056550,0,0,2761404663.52537,2726196056550,51.0982
REMIND-MAgPIE 1.7-3.0,Current Policies,OECD90 + EU,Industry,EJ/yr,2030,52.976,0,3207064254.80015,3244758453240,0,0,3207064254.80015,3244758453240,52.976
REMIND-MAgPIE 1.7-3.0,Current Policies,OECD90 + EU,Industry,EJ/yr,2040,57.1128,0,3840047797.8946,3659752814150,0,0,3840047797.8946,3659752814150,57.1128
REMIND-MAgPIE 1.7-3.0,Current Policies,OECD90 + EU,Industry,EJ/yr,2050,60.0653,0,4551574112.40683,4124591699700,0,0,4551574112.40683,4124591699700,60.0653
REMIND-MAgPIE 1.7-3.0,Current Policies,OECD90 + EU,Industry,EJ/yr,2060,62.6623,0,5371929142.12515,4530681427530,0,0,5371929142.12515,4530681427530,62.6623
REMIND-MAgPIE 1.7-3.0,Current Policies,OECD90 + EU,Industry,EJ/yr,2070,64.9908,0,6265774392.31912,5013388376800,0,0,6265774392.31912,5013388376800,64.9908
REMIND-MAgPIE 1.7-3.0,Current Policies,OECD90 + EU,Industry,EJ/yr,2080,67.5081,0,7226725250.59082,5451111865650,0,0,7226725250.59082,5451111865650,67.5081
REMIND-MAgPIE 1.7-3.0,Current Policies,OECD90 + EU,Industry,EJ/yr,2090,68.2688,0,8242821140.02242,5129879216050,0,0,8242821140.02242,5129879216050,68.2688
REMIND-MAgPIE 1.7-3.0,Current Policies,OECD90 + EU,Industry,EJ/yr,2100,69.2451,0,9302539248.96784,5481062553280,0,0,9302539248.96784,5481062553280,69.2451
REMIND-MAgPIE 1.7-3.0,Current Policies,OECD90 + EU,Residential and Commercial,EJ/yr,2020,56.2711,0,5332359066.56644,0,0,0,5332359066.56644,0,56.2711
REMIND-MAgPIE 1.7-3.0,Current Policies,OECD90 + EU,Residential and Commercial,EJ/yr,2030,60.1816,0,5806962626.95314,0,0,0,5806962626.95314,0,60.1816
REMIND-MAgPIE 1.7-3.0,Current Policies,OECD90 + EU,Residential and Commercial,EJ/yr,2040,65.0712,0,6996246075.68428,0,0,0,6996246075.68428,0,65.0712
REMIND-MAgPIE 1.7-3.0,Current Policies,OECD90 + EU,Residential and Commercial,EJ/yr,2050,68.8954,0,8031683577.87074,0,0,0,8031683577.87074,0,68.8954
REMIND-MAgPIE 1.7-3.0,Current Policies,OECD90 + EU,Residential and Commercial,EJ/yr,2060,72.5139,0,9428488318.68731,0,0,0,9428488318.68731,0,72.5139
REMIND-MAgPIE 1.7-3.0,Current Policies,OECD90 + EU,Residential and Commercial,EJ/yr,2070,75.5971,0,10967874109.0722,0,0,0,10967874109.0722,0,75.5971
REMIND-MAgPIE 1.7-3.0,Current Policies,OECD90 + EU,Residential and Commercial,EJ/yr,2080,78.8127,0,12887451248.2111,0,0,0,12887451248.2111,0,78.8127
REMIND-MAgPIE 1.7-3.0,Current Policies,OECD90 + EU,Residential and Commercial,EJ/yr,2090,79.7784,0,14189315149.4981,0,0,0,14189315149.4981,0,79.7784
REMIND-MAgPIE 1.7-3.0,Current Policies,OECD90 + EU,Residential and Commercial,EJ/yr,2100,80.5532,0,15791157969.9,0,0,0,15791157969.9,0,80.5532
REMIND-MAgPIE 1.7-3.0,Current Policies,OECD90 + EU,Transportation,EJ/yr,2020,52.5555,0,11274092075.1942,3280066236340,0,0,11274092075.1942,3280066236340,52.5555
REMIND-MAgPIE 1.7-3.0,Current Policies,OECD90 + EU,Transportation,EJ/yr,2030,53.8827,0,12722997807.4955,3950536116270,0,0,12722997807.4955,3950536116270,53.8827
REMIND-MAgPIE 1.7-3.0,Current Policies,OECD90 + EU,Transportation,EJ/yr,2040,55.8791,0,15076554179.4408,4406661385960,0,0,15076554179.4408,4406661385960,55.8791
REMIND-MAgPIE 1.7-3.0,Current Policies,OECD90 + EU,Transportation,EJ/yr,2050,57.5069,0,17539415363.914,5377786804750,0,0,17539415363.914,5377786804750,57.5069
REMIND-MAgPIE 1.7-3.0,Current Policies,OECD90 + EU,Transportation,EJ/yr,2060,57.9336,0,19354051536.1995,6433252988530,0,0,19354051536.1995,6433252988530,57.9336
REMIND-MAgPIE 1.7-3.0,Current Policies,OECD90 + EU,Transportation,EJ/yr,2070,56.6636,0,19754825380.3108,6746987145760,0,0,19754825380.3108,6746987145760,56.6636
REMIND-MAgPIE 1.7-3.0,Current Policies,OECD90 + EU,Transportation,EJ/yr,2080,59.4675,0,21029942125.8013,7663744680310,0,0,21029942125.8013,7663744680310,59.4675
REMIND-MAgPIE 1.7-3.0,Current Policies,OECD90 + EU,Transportation,EJ/yr,2090,57.1995,0,20164516686.4403,6760470371170,0,0,20164516686.4403,6760470371170,57.1995
REMIND-MAgPIE 1.7-3.0,Current Policies,OECD90 + EU,Transportation,EJ/yr,2100,60.4509,0,21783006389.79,7875936774620,0,0,21783006389.79,7875936774620,60.4509
REMIND-MAgPIE 1.7-3.0,2.0ºC,World,Industry,EJ/yr,2020,181.7127,-181.7127,6464500188.78562,2240095324410,0,0,6464500188.78562,2240095324410,
REMIND-MAgPIE 1.7-3.0,2.0ºC,World,Industry,EJ/yr,2030,188.7162,-188.7162,224978004325.807,3409875505880,-218224334373.638,-510131234210,6753669952.16932,2899744271670,
REMIND-MAgPIE 1.7-3.0,2.0ºC,World,Industry,EJ/yr,2040,217.1688,-217.1688,166369131577.327,4552519073110,-156981406127.763,-976752750910,9387725449.56392,3575766322200,
REMIND-MAgPIE 1.7-3.0,2.0ºC,World,Industry,EJ/yr,2050,243.8941,-243.8941,124703964713.446,5726549773490,-111651218893.219,-1536239218180,13052745820.2273,4190310555310,
REMIND-MAgPIE 1.7-3.0,2.0ºC,World,Industry,EJ/yr,2060,268.0704,-268.0704,177387852991.582,6991136688820,-159830010003.421,-1995001117040,17557842988.1606,4996135571780,
REMIND-MAgPIE 1.7-3.0,2.0ºC,World,Industry,EJ/yr,2070,289.9322,-289.9322,243241016950.409,8386384683370,-219856851702.356,-2267471302470,23384165248.0526,6118913380900,
REMIND-MAgPIE 1.7-3.0,2.0ºC,World,Industry,EJ/yr,2080,313.7063,-313.7063,299654638747.293,10155955619880,-269421638429.066,-3485086185880,30233000318.2266,6670869434000,
REMIND-MAgPIE 1.7-3.0,2.0ºC,World,Industry,EJ/yr,2090,338.2112,-338.2112,370374982057.59,10564326184290,-329657910306.268,-3923940398850,40717071751.3219,6640385785440,
REMIND-MAgPIE 1.7-3.0,2.0ºC,World,Industry,EJ/yr,2100,354.1284,-354.1284,413104792324.91,11902812109480,-362629868596.041,-4366799172650,50474923728.8685,7536012936830,
REMIND-MAgPIE 1.7-3.0,2.0ºC,World,Residential and Commercial,EJ/yr,2020,138.524,-138.524,5490000213.63,0,0,0,5490000213.63,0,
REMIND-MAgPIE 1.7-3.0,2.0ºC,World,Residential and Commercial,EJ/yr,2030,142.4632,-142.4632,190291934399.7,0,-183801046681.7,0,6490887718,0,
REMIND-MAgPIE 1.7-3.0,2.0ºC,World,Residential and Commercial,EJ/yr,2040,163.6006,-163.6006,280973363690.8,0,-270309801708.4,0,10663561982.4,0,
REMIND-MAgPIE 1.7-3.0,2.0ºC,World,Residential and Commercial,EJ/yr,2050,191.3293,-191.3293,376932395599.2,0,-361365353929.2,0,15567041670,0,
REMIND-MAgPIE 1.7-3.0,2.0ºC,World,Residential and Commercial,EJ/yr,2060,218.3198,-218.3198,460630942007.6,0,-440155533616.4,0,20475408391.2,0,
REMIND-MAgPIE 1.7-3.0,2.0ºC,World,Residential and Commercial,EJ/yr,2070,244.0837,-244.0837,541879731210,0,-515550536572.8,0,26329194637.2,0,
REMIND-MAgPIE 1.7-3.0,2.0ºC,World,Residential and Commercial,EJ/yr,2080,271.1376,-271.1376,651829632919.6,0,-618349829492.2,0,33479803427.4,0,
REMIND-MAgPIE 1.7-3.0,2.0ºC,World,Residential and Commercial,EJ/yr,2090,300.5647,-300.5647,708300614469.6,0,-665466321440.8,0,42834293028.8,0,
REMIND-MAgPIE 1.7-3.0,2.0ºC,World,Residential and Commercial,EJ/yr,2100,324.4388,-324.4388,835743649106.4,0,-781197365344.9,0,54546283761.5,0,
REMIND-MAgPIE 1.7-3.0,2.0ºC,World,Transportation,EJ/yr,2020,118.6948,-118.6948,14233993370.6,1812462338220,0,0,14233993370.6,1812462338220,
REMIND-MAgPIE 1.7-3.0,2.0ºC,World,Transportation,EJ/yr,2030,135.3047,-135.3047,595536094740.3,2939741031890,-579081985040.3,-602134101610,16454109700,2337606930280,
REMIND-MAgPIE 1.7-3.0,2.0ºC,World,Transportation,EJ/yr,2040,142.9576,-142.9576,957443047224.4,3909687685070,-931961374976.4,-1207048724350,25481672248,2702638960720,
REMIND-MAgPIE 1.7-3.0,2.0ºC,World,Transportation,EJ/yr,2050,142.8482,-142.8482,1323896040247.8,4784943793300,-1286989318207.8,-1328922951480,36906722040,3456020841820,
REMIND-MAgPIE 1.7-3.0,2.0ºC,World,Transportation,EJ/yr,2060,138.5216,-138.5216,1702571478543.6,5828771032310,-1651849275626.6,-1642067985540,50722202917,4186703046770,
REMIND-MAgPIE 1.7-3.0,2.0ºC,World,Transportation,EJ/yr,2070,130.1252,-130.1252,1811032417014.2,6192618515580,-1746538531366.2,-1825114545780,64493885648,4367503969800,
REMIND-MAgPIE 1.7-3.0,2.0ºC,World,Transportation,EJ/yr,2080,134.0902,-134.0902,1884603529321.2,7323421222500,-1797973131181.2,-2145649427960,86630398140,5177771794540,
REMIND-MAgPIE 1.7-3.0,2.0ºC,World,Transportation,EJ/yr,2090,132.4731,-132.4731,2070075326198.4,7750687052540,-1962947636841.4,-2987281798800,107127689357,4763405253740,
REMIND-MAgPIE 1.7-3.0,2.0ºC,World,Transportation,EJ/yr,2100,144.5473,-144.5473,2319737697801.7,9293118703950,-2181508125864.7,-3469467772450,138229571937,5823650931500,
REMIND-MAgPIE 1.7-3.0,2.0ºC,Asia (No Japan),Industry,EJ/yr,2020,86.6998,-86.6998,1959604927.22576,3327289197480,-7842711.06902027,0,1951762216.15674,3327289197480,
REMIND-MAgPIE 1.7-3.0,2.0ºC,Asia (No Japan),Industry,EJ/yr,2030,94.2172,-94.2172,141033438466.493,5413717437160,-138861656126.908,-1204091592940,2171782339.58527,4209625844220,
REMIND-MAgPIE 1.7-3.0,2.0ºC,Asia (No Japan),Industry,EJ/yr,2040,112.604,-112.604,101631403256.243,7215601007410,-97557174710.4777,-2166052048710,4074228545.76528,5049548958700,
REMIND-MAgPIE 1.7-3.0,2.0ºC,Asia (No Japan),Industry,EJ/yr,2050,125.7817,-125.7817,74343939853.4697,9002475001500,-67856090165.6656,-3957469443130,6487849687.80413,5045005558370,
REMIND-MAgPIE 1.7-3.0,2.0ºC,Asia (No Japan),Industry,EJ/yr,2060,133.6722,-133.6722,103282838360.523,10897884703410,-94046673075.4203,-4978835216110,9236165285.10273,5919049487300,
REMIND-MAgPIE 1.7-3.0,2.0ºC,Asia (No Japan),Industry,EJ/yr,2070,139.0184,-139.0184,135645162567.091,12868227950140,-123325519193.66,-4544699164310,12319643373.4314,8323528785830,
REMIND-MAgPIE 1.7-3.0,2.0ºC,Asia (No Japan),Industry,EJ/yr,2080,144.8407,-144.8407,162474383606.794,15380210351790,-146547299718.828,-7735192802970,15927083887.9657,7645017548820,
REMIND-MAgPIE 1.7-3.0,2.0ºC,Asia (No Japan),Industry,EJ/yr,2090,150.1045,-150.1045,188920878781.474,15676277622160,-168361712828.016,-7992829037460,20559165953.4584,7683448584700,
REMIND-MAgPIE 1.7-3.0,2.0ºC,Asia (No Japan),Industry,EJ/yr,2100,154.1459,-154.1459,204813808303.201,17406721753950,-179673164855.499,-8807055069020,25140643447.7022,8599666684930,
REMIND-MAgPIE 1.7-3.0,2.0ºC,Asia (No Japan),Residential and Commercial,EJ/yr,2020,43.3093,-43.3093,631307761.3979,0,-2526613.55331504,0,628781147.844585,0,
REMIND-MAgPIE 1.7-3.0,2.0ºC,Asia (No Japan),Residential and Commercial,EJ/yr,2030,49.3558,-49.3558,61286450516.19,0,-60371896190.6615,0,914554325.528512,0,
REMIND-MAgPIE 1.7-3.0,2.0ºC,Asia (No Japan),Residential and Commercial,EJ/yr,2040,65.0659,-65.0659,103616169555.8,0,-101181533329.41,0,2434636226.38998,0,
REMIND-MAgPIE 1.7-3.0,2.0ºC,Asia (No Japan),Residential and Commercial,EJ/yr,2050,80.7497,-80.7497,140101048053.12,0,-135766909673.575,0,4334138379.54484,0,
REMIND-MAgPIE 1.7-3.0,2.0ºC,Asia (No Japan),Residential and Commercial,EJ/yr,2060,92.8133,-92.8133,162152229009.12,0,-155909668474.746,0,6242560534.37388,0,
REMIND-MAgPIE 1.7-3.0,2.0ºC,Asia (No Japan),Residential and Commercial,EJ/yr,2070,101.3194,-101.3194,199950680531.42,0,-191352368047.952,0,8598312483.46823,0,
REMIND-MAgPIE 1.7-3.0,2.0ºC,Asia (No Japan),Residential and Commercial,EJ/yr,2080,109.0072,-109.0072,238119609820.86,0,-226944777881.082,0,11174831939.7781,0,
REMIND-MAgPIE 1.7-3.0,2.0ºC,Asia (No Japan),Residential and Commercial,EJ/yr,2090,115.7664,-115.7664,260819058167.64,0,-246861657479.038,0,13957400688.6015,0,
REMIND-MAgPIE 1.7-3.0,2.0ºC,Asia (No Japan),Residential and Commercial,EJ/yr,2100,120.5809,-120.5809,300893538106.09,0,-283293420226.48,0,17600117879.61,0,
REMIND-MAgPIE 1.7-3.0,2.0ºC,Asia (No Japan),Transportation,EJ/yr,2020,34.0922,-34.0922,1637426931.67474,1655210851080,-6553293.5457201,0,1630873638.12902,1655210851080,
REMIND-MAgPIE 1.7-3.0,2.0ºC,Asia (No Japan),Transportation,EJ/yr,2030,45.7261,-45.7261,169222339622.85,3127125503150,-166890194738.631,-786399999890,2332144884.21886,2340725503260,
REMIND-MAgPIE 1.7-3.0,2.0ºC,Asia (No Japan),Transportation,EJ/yr,2040,52.9537,-52.9537,292434627796.96,4328092836970,-287242197569.119,-1856097040810,5192430227.8411,2471995796160,
REMIND-MAgPIE 1.7-3.0,2.0ºC,Asia (No Japan),Transportation,EJ/yr,2050,54.002,-54.002,404335118376.84,5383816137300,-396112170198.912,-2457322249390,8222948177.92842,2926493887910,
REMIND-MAgPIE 1.7-3.0,2.0ºC,Asia (No Japan),Transportation,EJ/yr,2060,52.4599,-52.4599,532696955832.3,6939232036850,-521513246274.472,-3636239517590,11183709557.8279,3302992519260,
REMIND-MAgPIE 1.7-3.0,2.0ºC,Asia (No Japan),Transportation,EJ/yr,2070,48.5507,-48.5507,556300962200.02,7312229654320,-541980007783.688,-3659613594160,14320954416.3323,3652616060160,
REMIND-MAgPIE 1.7-3.0,2.0ºC,Asia (No Japan),Transportation,EJ/yr,2080,48.8875,-48.8875,580010903092.82,8458369591620,-560311550181.105,-4446856859210,19699352911.7154,4011512732410,
REMIND-MAgPIE 1.7-3.0,2.0ºC,Asia (No Japan),Transportation,EJ/yr,2090,47.528,-47.528,648529584548.04,8684083834190,-624460320610.57,-4855381297310,24069263937.4697,3828702536880,
REMIND-MAgPIE 1.7-3.0,2.0ºC,Asia (No Japan),Transportation,EJ/yr,2100,50.6729,-50.6729,749751772569.01,10091988494050,-720433007777.43,-5655227235300,29318764791.58,4436761258750,
REMIND-MAgPIE 1.7-3.0,2.0ºC,Middle East + Africa,Industry,EJ/yr,2020,20.528,-20.528,159760411.569609,418570837480,0,0,159760411.569609,418570837480,
REMIND-MAgPIE 1.7-3.0,2.0ºC,Middle East + Africa,Industry,EJ/yr,2030,22.928,-22.928,20768364392.0386,731608860160,-20553715098.3411,-92495699290,214649293.697493,639113160870,
REMIND-MAgPIE 1.7-3.0,2.0ºC,Middle East + Africa,Industry,EJ/yr,2040,28.3921,-28.3921,17161685421.9628,1156457245000,-16576790584.6943,-169148704240,584894837.268537,987308540760,
REMIND-MAgPIE 1.7-3.0,2.0ºC,Middle East + Africa,Industry,EJ/yr,2050,36.7273,-36.7273,14047412414.0515,1731827646800,-12919285519.0235,-265595406280,1128126895.02799,1466232240520,
REMIND-MAgPIE 1.7-3.0,2.0ºC,Middle East + Africa,Industry,EJ/yr,2060,46.7404,-46.7404,21631321093.8753,2548228223490,-19774575897.3332,-483276632700,1856745196.54208,2064951590790,
REMIND-MAgPIE 1.7-3.0,2.0ºC,Middle East + Africa,Industry,EJ/yr,2070,57.1801,-57.1801,34520343218.9918,3442775529300,-31428869376.0278,-765717851010,3091473842.96401,2677057678290,
REMIND-MAgPIE 1.7-3.0,2.0ºC,Middle East + Africa,Industry,EJ/yr,2080,69.459,-69.459,46889562256.7403,4556363462830,-42279841786.1164,-1080135426420,4609720470.62386,3476228036410,
REMIND-MAgPIE 1.7-3.0,2.0ºC,Middle East + Africa,Industry,EJ/yr,2090,83.0532,-83.0532,75718885317.5547,5135326854700,-67390210681.3697,-1386798769900,8328674636.18502,3748528084800,
REMIND-MAgPIE 1.7-3.0,2.0ºC,Middle East + Africa,Industry,EJ/yr,2100,91.4239,-91.4239,90084950701.1477,6025152683160,-78917731696.5618,-1633629871720,11167219004.5859,4391522811440,
REMIND-MAgPIE 1.7-3.0,2.0ºC,Middle East + Africa,Residential and Commercial,EJ/yr,2020,25.1959,-25.1959,362783950.31,0,0,0,362783950.31,0,
REMIND-MAgPIE 1.7-3.0,2.0ºC,Middle East + Africa,Residential and Commercial,EJ/yr,2030,23.406,-23.406,32903964883.14,0,-32301961550.56,0,602003332.58,0,
REMIND-MAgPIE 1.7-3.0,2.0ºC,Middle East + Africa,Residential and Commercial,EJ/yr,2040,24.8895,-24.8895,50673075512.84,0,-48872630583.59,0,1800444929.25,0,
REMIND-MAgPIE 1.7-3.0,2.0ºC,Middle East + Africa,Residential and Commercial,EJ/yr,2050,30.3257,-30.3257,71838244436.1,0,-68326407952.92,0,3511836483.18,0,
REMIND-MAgPIE 1.7-3.0,2.0ºC,Middle East + Africa,Residential and Commercial,EJ/yr,2060,37.9554,-37.9554,95495960210,0,-90667049832.57,0,4828910377.43,0,
REMIND-MAgPIE 1.7-3.0,2.0ºC,Middle East + Africa,Residential and Commercial,EJ/yr,2070,47.852,-47.852,123944057634.36,0,-117909030813.17,0,6035026821.19,0,
REMIND-MAgPIE 1.7-3.0,2.0ºC,Middle East + Africa,Residential and Commercial,EJ/yr,2080,59.5479,-59.5479,160102018449.32,0,-152635382337.32,0,7466636112,0,
REMIND-MAgPIE 1.7-3.0,2.0ºC,Middle East + Africa,Residential and Commercial,EJ/yr,2090,73.6578,-73.6578,181350470889.36,0,-170583756016.86,0,10766714872.5,0,
REMIND-MAgPIE 1.7-3.0,2.0ºC,Middle East + Africa,Residential and Commercial,EJ/yr,2100,86.8321,-86.8321,218568698053.94,0,-204044038920.67,0,14524659133.27,0,
REMIND-MAgPIE 1.7-3.0,2.0ºC,Middle East + Africa,Transportation,EJ/yr,2020,16.6702,-16.6702,507445016.29,401435099780,0,0,507445016.29,401435099780,
REMIND-MAgPIE 1.7-3.0,2.0ºC,Middle East + Africa,Transportation,EJ/yr,2030,19.1661,-19.1661,70296135069.24,709107276810,-69586578003.79,-132884548740,709557065.45,576222728070,
REMIND-MAgPIE 1.7-3.0,2.0ºC,Middle East + Africa,Transportation,EJ/yr,2040,21.8493,-21.8493,123389310910.36,1094348121020,-121294388240.26,-168412870980,2094922670.1,925935250040,
REMIND-MAgPIE 1.7-3.0,2.0ºC,Middle East + Africa,Transportation,EJ/yr,2050,24.5545,-24.5545,190686606325.62,1617694983020,-186344855487.57,-180656020740,4341750838.05,1437038962280,
REMIND-MAgPIE 1.7-3.0,2.0ºC,Middle East + Africa,Transportation,EJ/yr,2060,26.2992,-26.2992,255076987431.28,2284280862200,-247618540995.09,-281757575660,7458446436.19,2002523286540,
REMIND-MAgPIE 1.7-3.0,2.0ºC,Middle East + Africa,Transportation,EJ/yr,2070,27.9199,-27.9199,307929624829.58,2762310548920,-297215493251.37,-501177318760,10714131578.21,2261133230160,
REMIND-MAgPIE 1.7-3.0,2.0ºC,Middle East + Africa,Transportation,EJ/yr,2080,32.8973,-32.8973,386281413179.96,3728724772210,-369968402075.96,-630414356630,16313011104,3098310415580,
REMIND-MAgPIE 1.7-3.0,2.0ºC,Middle East + Africa,Transportation,EJ/yr,2090,36.7372,-36.7372,448663778954.64,4577662341390,-426961132305.39,-1418500695410,21702646649.25,3159161645980,
REMIND-MAgPIE 1.7-3.0,2.0ºC,Middle East + Africa,Transportation,EJ/yr,2100,44.2834,-44.2834,581498608912.31,6023957311990,-550527244229.31,-1694496236080,30971364683,4329461075910,
REMIND-MAgPIE 1.7-3.0,2.0ºC,Latin America,Industry,EJ/yr,2020,14.3952,-14.3952,113460972.775142,182297303080,0,0,113460972.775142,182297303080,
REMIND-MAgPIE 1.7-3.0,2.0ºC,Latin America,Industry,EJ/yr,2030,15.201,-15.201,14315150534.9357,267808830280,-14166881155.1011,-27252298580,148269379.834645,240556531700,
REMIND-MAgPIE 1.7-3.0,2.0ºC,Latin America,Industry,EJ/yr,2040,17.9274,-17.9274,11635298428.4316,380418091320,-11237667567.5301,-46102571190,397630860.901492,334315520130,
REMIND-MAgPIE 1.7-3.0,2.0ºC,Latin America,Industry,EJ/yr,2050,21.1811,-21.1811,9380885896.82493,494190145100,-8631728344.47209,-71779509440,749157552.352841,422410635660,
REMIND-MAgPIE 1.7-3.0,2.0ºC,Latin America,Industry,EJ/yr,2060,24.6633,-24.6633,13862067452.9284,637028612340,-12679515665.8374,-106361043710,1182551787.09102,530667568630,
REMIND-MAgPIE 1.7-3.0,2.0ºC,Latin America,Industry,EJ/yr,2070,27.9578,-27.9578,20566619778.5842,765574667580,-18742643907.4911,-142290599510,1823975871.09311,623284068070,
REMIND-MAgPIE 1.7-3.0,2.0ºC,Latin America,Industry,EJ/yr,2080,30.7524,-30.7524,25462338903.1979,939270288530,-23004739914.5183,-201468979270,2457598988.67955,737801309260,
REMIND-MAgPIE 1.7-3.0,2.0ºC,Latin America,Industry,EJ/yr,2090,32.6672,-32.6672,30348168140.1275,991887864370,-27097405348.328,-252416504370,3250762791.79954,739471360000,
REMIND-MAgPIE 1.7-3.0,2.0ºC,Latin America,Industry,EJ/yr,2100,33.8172,-33.8172,34003877733.0081,1106163510220,-29922895442.6977,-288433355700,4080982290.31038,817730154520,
REMIND-MAgPIE 1.7-3.0,2.0ºC,Latin America,Residential and Commercial,EJ/yr,2020,6.7347,-6.7347,72642101.74,0,0,0,72642101.74,0,
REMIND-MAgPIE 1.7-3.0,2.0ºC,Latin America,Residential and Commercial,EJ/yr,2030,8.218,-8.218,8701516296.66,0,-8594749323.45,0,106766973.21,0,
REMIND-MAgPIE 1.7-3.0,2.0ºC,Latin America,Residential and Commercial,EJ/yr,2040,10.302,-10.302,12997301781.2,0,-12665279543.75,0,332022237.45,0,
REMIND-MAgPIE 1.7-3.0,2.0ºC,Latin America,Residential and Commercial,EJ/yr,2050,13.189,-13.189,20546359789.14,0,-19905081939.18,0,641277849.96,0,
REMIND-MAgPIE 1.7-3.0,2.0ºC,Latin America,Residential and Commercial,EJ/yr,2060,16.2067,-16.2067,27906993040.5,0,-26781329037.87,0,1125664002.63,0,
REMIND-MAgPIE 1.7-3.0,2.0ºC,Latin America,Residential and Commercial,EJ/yr,2070,19.4023,-19.4023,35063259062.96,0,-33241046039.24,0,1822213023.72,0,
REMIND-MAgPIE 1.7-3.0,2.0ºC,Latin America,Residential and Commercial,EJ/yr,2080,23.4805,-23.4805,46568144443.62,0,-43823356808.42,0,2744787635.2,0,
REMIND-MAgPIE 1.7-3.0,2.0ºC,Latin America,Residential and Commercial,EJ/yr,2090,27.6873,-27.6873,58098448541.88,0,-54142842236.13,0,3955606305.75,0,
REMIND-MAgPIE 1.7-3.0,2.0ºC,Latin America,Residential and Commercial,EJ/yr,2100,31.293,-31.293,78388348809.78,0,-72734926049.95,0,5653422759.83,0,
REMIND-MAgPIE 1.7-3.0,2.0ºC,Latin America,Transportation,EJ/yr,2020,12.1895,-12.1895,372051140.43,191450830320,0,0,372051140.43,191450830320,
REMIND-MAgPIE 1.7-3.0,2.0ºC,Latin America,Transportation,EJ/yr,2030,12.813,-12.813,45981418504.71,271783923540,-45521925214.88,-48506895530,459493289.83,223277028010,
REMIND-MAgPIE 1.7-3.0,2.0ºC,Latin America,Transportation,EJ/yr,2040,12.9773,-12.9773,64484184394.96,390372114430,-63216747256.36,-93701768130,1267437138.6,296670346300,
REMIND-MAgPIE 1.7-3.0,2.0ºC,Latin America,Transportation,EJ/yr,2050,13.1778,-13.1778,68656395375.12,428103604800,-66289255717.41,-32200978590,2367139657.71,395902626210,
REMIND-MAgPIE 1.7-3.0,2.0ºC,Latin America,Transportation,EJ/yr,2060,12.8752,-12.8752,52527679129.38,481485092480,-48952756191.11,-2228108960,3574922938.27,479256983520,
REMIND-MAgPIE 1.7-3.0,2.0ºC,Latin America,Transportation,EJ/yr,2070,12.296,-12.296,32667074802.82,487058219890,-28291394546.38,-33995935710,4375680256.44,453062284180,
REMIND-MAgPIE 1.7-3.0,2.0ºC,Latin America,Transportation,EJ/yr,2080,12.5605,-12.5605,25815129871.64,537437070930,-20463461534.04,-2403081560,5351668337.6,535033989370,
REMIND-MAgPIE 1.7-3.0,2.0ºC,Latin America,Transportation,EJ/yr,2090,12.0292,-12.0292,30341022586.56,577053095720,-23984307900.81,-70909116330,6356714685.75,506143979390,
REMIND-MAgPIE 1.7-3.0,2.0ºC,Latin America,Transportation,EJ/yr,2100,12.6448,-12.6448,41753389715.65,674611712080,-33639406756.91,-74272116640,8113982958.74,600339595440,
REMIND-MAgPIE 1.7-3.0,2.0ºC,Central Asia,Industry,EJ/yr,2020,8.9915,-8.9915,40188126.104169,80859785040,0,0,40188126.104169,80859785040,
REMIND-MAgPIE 1.7-3.0,2.0ºC,Central Asia,Industry,EJ/yr,2030,7.235,-7.235,4390987864.53126,102160109960,-4346215156.16994,-9259708550,44772708.361321,92900401410,
REMIND-MAgPIE 1.7-3.0,2.0ºC,Central Asia,Industry,EJ/yr,2040,6.9794,-6.9794,3133156575.13031,126792970020,-3027652542.93304,-28155225800,105504032.197266,98637744220,
REMIND-MAgPIE 1.7-3.0,2.0ºC,Central Asia,Industry,EJ/yr,2050,7.0656,-7.0656,2263933195.8943,124273212810,-2083623729.64101,-22840164030,180309466.253288,101433048780,
REMIND-MAgPIE 1.7-3.0,2.0ºC,Central Asia,Industry,EJ/yr,2060,7.1806,-7.1806,3184883089.64438,131748428310,-2914515915.13211,-16047788390,270367174.512273,115700639920,
REMIND-MAgPIE 1.7-3.0,2.0ºC,Central Asia,Industry,EJ/yr,2070,7.1179,-7.1179,4253362459.80874,148251246090,-3878441648.45007,-24286746460,374920811.358665,123964499630,
REMIND-MAgPIE 1.7-3.0,2.0ºC,Central Asia,Industry,EJ/yr,2080,7.1777,-7.1777,5182274610.52577,171865069430,-4685011127.0735,-33363450610,497263483.452273,138501618820,
REMIND-MAgPIE 1.7-3.0,2.0ºC,Central Asia,Industry,EJ/yr,2090,7.2987,-7.2987,5939505799.15577,168088512000,-5305947934.53823,-40051487660,633557864.617543,128037024340,
REMIND-MAgPIE 1.7-3.0,2.0ºC,Central Asia,Industry,EJ/yr,2100,7.3298,-7.3298,6543216767.27832,181183196530,-5759661557.8437,-44766155190,783555209.434624,136417041340,
REMIND-MAgPIE 1.7-3.0,2.0ºC,Central Asia,Residential and Commercial,EJ/yr,2020,7.0131,-7.0131,72921932.02,0,0,0,72921932.02,0,
REMIND-MAgPIE 1.7-3.0,2.0ºC,Central Asia,Residential and Commercial,EJ/yr,2030,5.7853,-5.7853,6026375652.18,0,-5953937951.56,0,72437700.62,0,
REMIND-MAgPIE 1.7-3.0,2.0ºC,Central Asia,Residential and Commercial,EJ/yr,2040,5.5483,-5.5483,7476227532.4,0,-7297081602.1,0,179145930.3,0,
REMIND-MAgPIE 1.7-3.0,2.0ºC,Central Asia,Residential and Commercial,EJ/yr,2050,6.1036,-6.1036,9262646876.22,0,-8965097968.86,0,297548907.36,0,
REMIND-MAgPIE 1.7-3.0,2.0ºC,Central Asia,Residential and Commercial,EJ/yr,2060,6.2392,-6.2392,12977825705.88,0,-12502886971.84,0,474938734.04,0,
REMIND-MAgPIE 1.7-3.0,2.0ºC,Central Asia,Residential and Commercial,EJ/yr,2070,6.5261,-6.5261,13169346450.36,0,-12556357667.97,0,612988782.39,0,
REMIND-MAgPIE 1.7-3.0,2.0ºC,Central Asia,Residential and Commercial,EJ/yr,2080,6.8696,-6.8696,14617504526.22,0,-13908810670.22,0,708693856,0,
REMIND-MAgPIE 1.7-3.0,2.0ºC,Central Asia,Residential and Commercial,EJ/yr,2090,7.3056,-7.3056,11950839646.2,0,-11129385301.2,0,821454345,0,
REMIND-MAgPIE 1.7-3.0,2.0ºC,Central Asia,Residential and Commercial,EJ/yr,2100,7.503,-7.503,13365310817.74,0,-12388388763.32,0,976922054.42,0,
REMIND-MAgPIE 1.7-3.0,2.0ºC,Central Asia,Transportation,EJ/yr,2020,3.4143,-3.4143,103040743.03,53386520030,0,0,103040743.03,53386520030,
REMIND-MAgPIE 1.7-3.0,2.0ºC,Central Asia,Transportation,EJ/yr,2030,3.2918,-3.2918,11509827870.99,74318407320,-11394953686.27,-6659154930,114874184.72,67659252390,
REMIND-MAgPIE 1.7-3.0,2.0ºC,Central Asia,Transportation,EJ/yr,2040,3.2107,-3.2107,16974237782.48,87292098700,-16684714059.23,-18665288890,289523723.25,68626809810,
REMIND-MAgPIE 1.7-3.0,2.0ºC,Central Asia,Transportation,EJ/yr,2050,2.964,-2.964,21427722571.98,94136805040,-20904518995.23,-21249534120,523203576.75,72887270920,
REMIND-MAgPIE 1.7-3.0,2.0ºC,Central Asia,Transportation,EJ/yr,2060,2.6052,-2.6052,22312544744.84,103792406960,-21512085731.98,-15900862100,800459012.86,87891544860,
REMIND-MAgPIE 1.7-3.0,2.0ºC,Central Asia,Transportation,EJ/yr,2070,2.372,-2.372,20300616554.74,104050317450,-19235468073.23,-13434423090,1065148481.51,90615894360,
REMIND-MAgPIE 1.7-3.0,2.0ºC,Central Asia,Transportation,EJ/yr,2080,2.3435,-2.3435,16000164763.96,120577349500,-14595446976.76,-3530034320,1404717787.2,117047315180,
REMIND-MAgPIE 1.7-3.0,2.0ºC,Central Asia,Transportation,EJ/yr,2090,2.3041,-2.3041,12523117125.24,116130477250,-11125825261.74,-17151746130,1397291863.5,98978731120,
REMIND-MAgPIE 1.7-3.0,2.0ºC,Central Asia,Transportation,EJ/yr,2100,2.5999,-2.5999,11141925979.5,137012287270,-9485286293.15,-19776072340,1656639686.35,117236214930,
REMIND-MAgPIE 1.7-3.0,2.0ºC,OECD90 + EU,Industry,EJ/yr,2020,51.0982,-51.0982,2765446178.77463,2726196056550,-4041515.24925995,0,2761404663.52537,2726196056550,
REMIND-MAgPIE 1.7-3.0,2.0ºC,OECD90 + EU,Industry,EJ/yr,2030,49.1347,-49.1347,44470047072.1366,3766623303480,-41262982817.3364,-521864850240,3207064254.80015,3244758453240,
REMIND-MAgPIE 1.7-3.0,2.0ºC,OECD90 + EU,Industry,EJ/yr,2040,51.2662,-51.2662,32807561839.9856,4365510974820,-28967514042.091,-705758160670,3840047797.8946,3659752814150,
REMIND-MAgPIE 1.7-3.0,2.0ºC,OECD90 + EU,Industry,EJ/yr,2050,53.1387,-53.1387,24667793353.2059,5047781960420,-20116219240.7991,-923190260720,4551574112.40683,4124591699700,
REMIND-MAgPIE 1.7-3.0,2.0ºC,OECD90 + EU,Industry,EJ/yr,2060,55.8137,-55.8137,35426604725.8304,5707436757960,-30054675583.7052,-1176755330430,5371929142.12515,4530681427530,
REMIND-MAgPIE 1.7-3.0,2.0ºC,OECD90 + EU,Industry,EJ/yr,2070,58.6582,-58.6582,48255727056.2453,6314635350060,-41989952663.9262,-1301246973260,6265774392.31912,5013388376800,
REMIND-MAgPIE 1.7-3.0,2.0ºC,OECD90 + EU,Industry,EJ/yr,2080,61.4767,-61.4767,59646208365.7689,7044693090300,-52419483115.1781,-1593581224650,7226725250.59082,5451111865650,
REMIND-MAgPIE 1.7-3.0,2.0ºC,OECD90 + EU,Industry,EJ/yr,2090,65.0876,-65.0876,69447385094.2307,6936138688040,-61204563954.2083,-1806259471990,8242821140.02242,5129879216050,
REMIND-MAgPIE 1.7-3.0,2.0ºC,OECD90 + EU,Industry,EJ/yr,2100,67.4115,-67.4115,77658749966.4988,7528137905960,-68356210717.531,-2047075352680,9302539248.96784,5481062553280,
REMIND-MAgPIE 1.7-3.0,2.0ºC,OECD90 + EU,Residential and Commercial,EJ/yr,2020,56.2711,-56.2711,5340163359.34782,0,-7804292.78138065,0,5332359066.56644,0,
REMIND-MAgPIE 1.7-3.0,2.0ºC,OECD90 + EU,Residential and Commercial,EJ/yr,2030,55.6977,-55.6977,81373640713.59,0,-75566678086.6369,0,5806962626.95314,0,
REMIND-MAgPIE 1.7-3.0,2.0ºC,OECD90 + EU,Residential and Commercial,EJ/yr,2040,57.795,-57.795,106210622690.04,0,-99214376614.3557,0,6996246075.68428,0,
REMIND-MAgPIE 1.7-3.0,2.0ºC,OECD90 + EU,Residential and Commercial,EJ/yr,2050,60.9614,-60.9614,135183987692.58,0,-127152304114.709,0,8031683577.87074,0,
REMIND-MAgPIE 1.7-3.0,2.0ºC,OECD90 + EU,Residential and Commercial,EJ/yr,2060,65.1052,-65.1052,162098052138.82,0,-152669563820.133,0,9428488318.68731,0,
REMIND-MAgPIE 1.7-3.0,2.0ºC,OECD90 + EU,Residential and Commercial,EJ/yr,2070,68.9839,-68.9839,169752302918.38,0,-158784428809.308,0,10967874109.0722,0,
REMIND-MAgPIE 1.7-3.0,2.0ºC,OECD90 + EU,Residential and Commercial,EJ/yr,2080,72.2327,-72.2327,192422300591.32,0,-179534849343.109,0,12887451248.2111,0,
REMIND-MAgPIE 1.7-3.0,2.0ºC,OECD90 + EU,Residential and Commercial,EJ/yr,2090,76.148,-76.148,196081865094.24,0,-181892549944.742,0,14189315149.4981,0,
REMIND-MAgPIE 1.7-3.0,2.0ºC,OECD90 + EU,Residential and Commercial,EJ/yr,2100,78.2298,-78.2298,224527995271.64,0,-208736837301.74,0,15791157969.9,0,
REMIND-MAgPIE 1.7-3.0,2.0ºC,OECD90 + EU,Transportation,EJ/yr,2020,52.5555,-52.5555,11290592523.5512,3280066236340,-16500448.3570004,0,11274092075.1942,3280066236340,
REMIND-MAgPIE 1.7-3.0,2.0ºC,OECD90 + EU,Transportation,EJ/yr,2030,54.459,-54.459,196179380563.74,4876108197160,-183456382756.244,-925572080890,12722997807.4955,3950536116270,
REMIND-MAgPIE 1.7-3.0,2.0ºC,OECD90 + EU,Transportation,EJ/yr,2040,53.1224,-53.1224,276339958631,5781929578700,-261263404451.559,-1375268192740,15076554179.4408,4406661385960,
REMIND-MAgPIE 1.7-3.0,2.0ºC,OECD90 + EU,Transportation,EJ/yr,2050,52.7941,-52.7941,344905318576.68,7047160402120,-327365903212.766,-1669373597370,17539415363.914,5377786804750,
REMIND-MAgPIE 1.7-3.0,2.0ºC,OECD90 + EU,Transportation,EJ/yr,2060,54.6123,-54.6123,408344593525.54,8700066159160,-388990541989.34,-2266813170630,19354051536.1995,6433252988530,
REMIND-MAgPIE 1.7-3.0,2.0ºC,OECD90 + EU,Transportation,EJ/yr,2070,54.8725,-54.8725,375761536025.62,10011338765280,-356006710645.309,-3264351619520,19754825380.3108,6746987145760,
REMIND-MAgPIE 1.7-3.0,2.0ºC,OECD90 + EU,Transportation,EJ/yr,2080,57.018,-57.018,321095475121.96,12177005690790,-300065532996.159,-4513261010480,21029942125.8013,7663744680310,
REMIND-MAgPIE 1.7-3.0,2.0ºC,OECD90 + EU,Transportation,EJ/yr,2090,56.5647,-56.5647,321712517518.56,12977489437020,-301548000832.12,-6217019065850,20164516686.4403,6760470371170,
REMIND-MAgPIE 1.7-3.0,2.0ºC,OECD90 + EU,Transportation,EJ/yr,2100,59.0677,-59.0677,336630771698.39,14972376584590,-314847765308.6,-7096439809970,21783006389.79,7875936774620,
REMIND-MAgPIE 1.7-3.0,1.5ºC,World,Industry,EJ/yr,2020,181.7127,-181.7127,6464500188.78562,2240095324410,0,0,6464500188.78562,2240095324410,
REMIND-MAgPIE 1.7-3.0,1.5ºC,World,Industry,EJ/yr,2030,177.7668,-177.7668,384408398159.452,3648524153940,-377654728207.283,-748779882270,6753669952.16932,2899744271670,
REMIND-MAgPIE 1.7-3.0,1.5ºC,World,Industry,EJ/yr,2040,202.257,-202.257,284463521036.057,4779331903600,-275075795586.493,-1203565581400,9387725449.56392,3575766322200,
REMIND-MAgPIE 1.7-3.0,1.5ºC,World,Industry,EJ/yr,2050,235.8967,-235.8967,201823723313.129,5899529566930,-188770977492.902,-1709219011620,13052745820.2273,4190310555310,
REMIND-MAgPIE 1.7-3.0,1.5ºC,World,Industry,EJ/yr,2060,261.5827,-261.5827,282115589665.209,7397580522730,-264557746677.048,-2401444950950,17557842988.1606,4996135571780,
REMIND-MAgPIE 1.7-3.0,1.5ºC,World,Industry,EJ/yr,2070,286.8077,-286.8077,373976432942.92,9027270264680,-350592267694.867,-2908356883780,23384165248.0526,6118913380900,
REMIND-MAgPIE 1.7-3.0,1.5ºC,World,Industry,EJ/yr,2080,315.1139,-315.1139,453507543125.306,10932002250600,-423274542807.079,-4261132816600,30233000318.2266,6670869434000,
REMIND-MAgPIE 1.7-3.0,1.5ºC,World,Industry,EJ/yr,2090,343.3307,-343.3307,552144615138.345,11672894331160,-511427543387.023,-5032508545720,40717071751.3219,6640385785440,
REMIND-MAgPIE 1.7-3.0,1.5ºC,World,Industry,EJ/yr,2100,364.8209,-364.8209,608571306312.589,13002108743490,-558096382583.72,-5466095806660,50474923728.8685,7536012936830,
REMIND-MAgPIE 1.7-3.0,1.5ºC,World,Residential and Commercial,EJ/yr,2020,138.524,-138.524,5490000213.63,0,0,0,5490000213.63,0,
REMIND-MAgPIE 1.7-3.0,1.5ºC,World,Residential and Commercial,EJ/yr,2030,133.1629,-133.1629,291057595093.2,0,-284566707375.2,0,6490887718,0,
REMIND-MAgPIE 1.7-3.0,1.5ºC,World,Residential and Commercial,EJ/yr,2040,154.2444,-154.2444,389675951520.9,0,-379012389538.5,0,10663561982.4,0,
REMIND-MAgPIE 1.7-3.0,1.5ºC,World,Residential and Commercial,EJ/yr,2050,189.1471,-189.1471,454282916281.5,0,-438715874611.5,0,15567041670,0,
REMIND-MAgPIE 1.7-3.0,1.5ºC,World,Residential and Commercial,EJ/yr,2060,217.8622,-217.8622,484988647298.58,0,-464513238907.38,0,20475408391.2,0,
REMIND-MAgPIE 1.7-3.0,1.5ºC,World,Residential and Commercial,EJ/yr,2070,243.6585,-243.6585,536610244946.6,0,-510281050309.4,0,26329194637.2,0,
REMIND-MAgPIE 1.7-3.0,1.5ºC,World,Residential and Commercial,EJ/yr,2080,271.6401,-271.6401,643252429886.4,0,-609772626459,0,33479803427.4,0,
REMIND-MAgPIE 1.7-3.0,1.5ºC,World,Residential and Commercial,EJ/yr,2090,301.102,-301.102,710241674352.98,0,-667407381324.18,0,42834293028.8,0,
REMIND-MAgPIE 1.7-3.0,1.5ºC,World,Residential and Commercial,EJ/yr,2100,325.6773,-325.6773,802841212584.6,0,-748294928823.1,0,54546283761.5,0,
REMIND-MAgPIE 1.7-3.0,1.5ºC,World,Transportation,EJ/yr,2020,118.6948,-118.6948,14233993370.6,1812462338220,0,0,14233993370.6,1812462338220,
REMIND-MAgPIE 1.7-3.0,1.5ºC,World,Transportation,EJ/yr,2030,128.5588,-128.5588,950868798685,3200790397120,-934414688985,-863183466840,16454109700,2337606930280,
REMIND-MAgPIE 1.7-3.0,1.5ºC,World,Transportation,EJ/yr,2040,128.8719,-128.8719,1351200359040.2,3996939332320,-1325718686792.2,-1294300371600,25481672248,2702638960720,
REMIND-MAgPIE 1.7-3.0,1.5ºC,World,Transportation,EJ/yr,2050,125.7088,-125.7088,1643472024271.4,4539654705120,-1606565302231.4,-1083633863300,36906722040,3456020841820,
REMIND-MAgPIE 1.7-3.0,1.5ºC,World,Transportation,EJ/yr,2060,118.9906,-118.9906,1817818018310.7,5512336718560,-1767095815393.7,-1325633671790,50722202917,4186703046770,
REMIND-MAgPIE 1.7-3.0,1.5ºC,World,Transportation,EJ/yr,2070,114.1638,-114.1638,1771529564126.3,6351317494830,-1707035678478.3,-1983813525030,64493885648,4367503969800,
REMIND-MAgPIE 1.7-3.0,1.5ºC,World,Transportation,EJ/yr,2080,121.0461,-121.0461,1785823603685.4,7907979108950,-1699193205545.4,-2730207314410,86630398140,5177771794540,
REMIND-MAgPIE 1.7-3.0,1.5ºC,World,Transportation,EJ/yr,2090,118.5842,-118.5842,1953386729063,8615526574200,-1846259039706,-3852121320460,107127689357,4763405253740,
REMIND-MAgPIE 1.7-3.0,1.5ºC,World,Transportation,EJ/yr,2100,130.3496,-130.3496,2256949238919,10215883258500,-2118719666982,-4392232327000,138229571937,5823650931500,
REMIND-MAgPIE 1.7-3.0,1.5ºC,Asia (No Japan),Industry,EJ/yr,2020,86.6998,-86.6998,1959403646.4954,3327289197480,-7641430.33866,0,1951762216.15674,3327289197480,
REMIND-MAgPIE 1.7-3.0,1.5ºC,Asia (No Japan),Industry,EJ/yr,2030,89.3977,-89.3977,241281605554.662,5748517194270,-239109823215.077,-1538891350050,2171782339.58527,4209625844220,
REMIND-MAgPIE 1.7-3.0,1.5ºC,Asia (No Japan),Industry,EJ/yr,2040,104.7208,-104.7208,173940992702.4,7515979881900,-169866764156.635,-2466430923200,4074228545.76528,5049548958700,
REMIND-MAgPIE 1.7-3.0,1.5ºC,Asia (No Japan),Industry,EJ/yr,2050,119.6575,-119.6575,120634720774.01,9370588718890,-114146871086.206,-4325583160520,6487849687.80413,5045005558370,
REMIND-MAgPIE 1.7-3.0,1.5ºC,Asia (No Japan),Industry,EJ/yr,2060,127.3944,-127.3944,164626323294.781,11464103079770,-155390158009.678,-5545053592470,9236165285.10273,5919049487300,
REMIND-MAgPIE 1.7-3.0,1.5ºC,Asia (No Japan),Industry,EJ/yr,2070,134.3278,-134.3278,208411022805.277,13772838247080,-196091379431.846,-5449309461250,12319643373.4314,8323528785830,
REMIND-MAgPIE 1.7-3.0,1.5ºC,Asia (No Japan),Industry,EJ/yr,2080,140.9346,-140.9346,245710790421.713,16294053373100,-229783706533.747,-8649035824280,15927083887.9657,7645017548820,
REMIND-MAgPIE 1.7-3.0,1.5ºC,Asia (No Japan),Industry,EJ/yr,2090,147.5733,-147.5733,281748292269.276,16961190366920,-261189126315.818,-9277741782220,20559165953.4584,7683448584700,
REMIND-MAgPIE 1.7-3.0,1.5ºC,Asia (No Japan),Industry,EJ/yr,2100,153.868,-153.868,301320317205.069,18772799734550,-276179673757.367,-10173133049620,25140643447.7022,8599666684930,
REMIND-MAgPIE 1.7-3.0,1.5ºC,Asia (No Japan),Residential and Commercial,EJ/yr,2020,43.3093,-43.3093,631242916.650099,0,-2461768.8055141,0,628781147.844585,0,
REMIND-MAgPIE 1.7-3.0,1.5ºC,Asia (No Japan),Residential and Commercial,EJ/yr,2030,46.3618,-46.3618,94800587130.86,0,-93886032805.3315,0,914554325.528512,0,
REMIND-MAgPIE 1.7-3.0,1.5ºC,Asia (No Japan),Residential and Commercial,EJ/yr,2040,61.3651,-61.3651,144686346564.21,0,-142251710337.82,0,2434636226.38998,0,
REMIND-MAgPIE 1.7-3.0,1.5ºC,Asia (No Japan),Residential and Commercial,EJ/yr,2050,79.3659,-79.3659,170753283772.31,0,-166419145392.765,0,4334138379.54484,0,
REMIND-MAgPIE 1.7-3.0,1.5ºC,Asia (No Japan),Residential and Commercial,EJ/yr,2060,90.4788,-90.4788,182367145664.64,0,-176124585130.266,0,6242560534.37388,0,
REMIND-MAgPIE 1.7-3.0,1.5ºC,Asia (No Japan),Residential and Commercial,EJ/yr,2070,97.7417,-97.7417,216301432417.62,0,-207703119934.152,0,8598312483.46823,0,
REMIND-MAgPIE 1.7-3.0,1.5ºC,Asia (No Japan),Residential and Commercial,EJ/yr,2080,104.5907,-104.5907,263834304301.56,0,-252659472361.782,0,11174831939.7781,0,
REMIND-MAgPIE 1.7-3.0,1.5ºC,Asia (No Japan),Residential and Commercial,EJ/yr,2090,111.3079,-111.3079,274543446263.24,0,-260586045574.638,0,13957400688.6015,0,
REMIND-MAgPIE 1.7-3.0,1.5ºC,Asia (No Japan),Residential and Commercial,EJ/yr,2100,117.212,-117.212,294778651878,0,-277178533998.39,0,17600117879.61,0,
REMIND-MAgPIE 1.7-3.0,1.5ºC,Asia (No Japan),Transportation,EJ/yr,2020,34.0922,-34.0922,1637258743.44244,1655210851080,-6385105.31342006,0,1630873638.12902,1655210851080,
REMIND-MAgPIE 1.7-3.0,1.5ºC,Asia (No Japan),Transportation,EJ/yr,2030,43.6401,-43.6401,273098132728.46,3336532891080,-270765987844.241,-995807387820,2332144884.21886,2340725503260,
REMIND-MAgPIE 1.7-3.0,1.5ºC,Asia (No Japan),Transportation,EJ/yr,2040,47.8241,-47.8241,419268382462.07,4437218840420,-414075952234.229,-1965223044260,5192430227.8411,2471995796160,
REMIND-MAgPIE 1.7-3.0,1.5ºC,Asia (No Japan),Transportation,EJ/yr,2050,47.597,-47.597,515039710476.99,5260364188660,-506816762299.062,-2333870300750,8222948177.92842,2926493887910,
REMIND-MAgPIE 1.7-3.0,1.5ºC,Asia (No Japan),Transportation,EJ/yr,2060,44.6441,-44.6441,586036808881.02,6482798208860,-574853099323.192,-3179805689600,11183709557.8279,3302992519260,
REMIND-MAgPIE 1.7-3.0,1.5ºC,Asia (No Japan),Transportation,EJ/yr,2070,42.1876,-42.1876,633765715276.65,7530377295830,-619444760860.318,-3877761235670,14320954416.3323,3652616060160,
REMIND-MAgPIE 1.7-3.0,1.5ºC,Asia (No Japan),Transportation,EJ/yr,2080,43.4486,-43.4486,718541065508.36,9056401037500,-698841712596.645,-5044888305090,19699352911.7154,4011512732410,
REMIND-MAgPIE 1.7-3.0,1.5ºC,Asia (No Japan),Transportation,EJ/yr,2090,41.9504,-41.9504,833515781381.36,9616347424520,-809446517443.89,-5787644887640,24069263937.4697,3828702536880,
REMIND-MAgPIE 1.7-3.0,1.5ºC,Asia (No Japan),Transportation,EJ/yr,2100,44.9652,-44.9652,1004095068359.7,10998695869400,-974776303568.12,-6561934610650,29318764791.58,4436761258750,
REMIND-MAgPIE 1.7-3.0,1.5ºC,Middle East + Africa,Industry,EJ/yr,2020,20.528,-20.528,159760411.569609,418570837480,0,0,159760411.569609,418570837480,
REMIND-MAgPIE 1.7-3.0,1.5ºC,Middle East + Africa,Industry,EJ/yr,2030,21.0681,-21.0681,35301059951.3253,785840770540,-35086410657.6278,-146727609670,214649293.697493,639113160870,
REMIND-MAgPIE 1.7-3.0,1.5ºC,Middle East + Africa,Industry,EJ/yr,2040,25.8442,-25.8442,29232813324.4049,1221529895790,-28647918487.1364,-234221355030,584894837.268537,987308540760,
REMIND-MAgPIE 1.7-3.0,1.5ºC,Middle East + Africa,Industry,EJ/yr,2050,35.2279,-35.2279,22827446989.9435,1803443940540,-21699320094.9155,-337211700020,1128126895.02799,1466232240520,
REMIND-MAgPIE 1.7-3.0,1.5ºC,Middle East + Africa,Industry,EJ/yr,2060,46.6577,-46.6577,34488594625.4244,2684533149100,-32631849428.8823,-619581558310,1856745196.54208,2064951590790,
REMIND-MAgPIE 1.7-3.0,1.5ºC,Middle East + Africa,Industry,EJ/yr,2070,59.1702,-59.1702,52918186778.6956,3628262515350,-49826712935.7316,-951204837060,3091473842.96401,2677057678290,
REMIND-MAgPIE 1.7-3.0,1.5ºC,Middle East + Africa,Industry,EJ/yr,2080,73.9208,-73.9208,70915569015.2679,4845304212120,-66305848544.644,-1369076175710,4609720470.62386,3476228036410,
REMIND-MAgPIE 1.7-3.0,1.5ºC,Middle East + Africa,Industry,EJ/yr,2090,87.8555,-87.8555,112007744553.651,5710885467180,-103679069917.466,-1962357382380,8328674636.18502,3748528084800,
REMIND-MAgPIE 1.7-3.0,1.5ºC,Middle East + Africa,Industry,EJ/yr,2100,97.9555,-97.9555,131806433617.743,6619959682930,-120639214613.157,-2228436871490,11167219004.5859,4391522811440,
REMIND-MAgPIE 1.7-3.0,1.5ºC,Middle East + Africa,Residential and Commercial,EJ/yr,2020,25.1959,-25.1959,362783950.31,0,0,0,362783950.31,0,
REMIND-MAgPIE 1.7-3.0,1.5ºC,Middle East + Africa,Residential and Commercial,EJ/yr,2030,21.2436,-21.2436,48971351502.06,0,-48369348169.48,0,602003332.58,0,
REMIND-MAgPIE 1.7-3.0,1.5ºC,Middle East + Africa,Residential and Commercial,EJ/yr,2040,22.7922,-22.7922,70157872830.84,0,-68357427901.59,0,1800444929.25,0,
REMIND-MAgPIE 1.7-3.0,1.5ºC,Middle East + Africa,Residential and Commercial,EJ/yr,2050,29.5898,-29.5898,87490475712.35,0,-83978639229.17,0,3511836483.18,0,
REMIND-MAgPIE 1.7-3.0,1.5ºC,Middle East + Africa,Residential and Commercial,EJ/yr,2060,38.4898,-38.4898,96529454392.86,0,-91700544015.43,0,4828910377.43,0,
REMIND-MAgPIE 1.7-3.0,1.5ºC,Middle East + Africa,Residential and Commercial,EJ/yr,2070,49.2097,-49.2097,107124616550.05,0,-101089589728.86,0,6035026821.19,0,
REMIND-MAgPIE 1.7-3.0,1.5ºC,Middle East + Africa,Residential and Commercial,EJ/yr,2080,62.2921,-62.2921,124497375013.2,0,-117030738901.2,0,7466636112,0,
REMIND-MAgPIE 1.7-3.0,1.5ºC,Middle East + Africa,Residential and Commercial,EJ/yr,2090,76.5493,-76.5493,140895836816.35,0,-130129121943.85,0,10766714872.5,0,
REMIND-MAgPIE 1.7-3.0,1.5ºC,Middle East + Africa,Residential and Commercial,EJ/yr,2100,89.5126,-89.5126,180556021751.7,0,-166031362618.43,0,14524659133.27,0,
REMIND-MAgPIE 1.7-3.0,1.5ºC,Middle East + Africa,Transportation,EJ/yr,2020,16.6702,-16.6702,507445016.29,401435099780,0,0,507445016.29,401435099780,
REMIND-MAgPIE 1.7-3.0,1.5ºC,Middle East + Africa,Transportation,EJ/yr,2030,18.3639,-18.3639,114114393092.18,786967523250,-113404836026.73,-210744795180,709557065.45,576222728070,
REMIND-MAgPIE 1.7-3.0,1.5ºC,Middle East + Africa,Transportation,EJ/yr,2040,19.9016,-19.9016,181958516987.17,1159101524930,-179863594317.07,-233166274890,2094922670.1,925935250040,
REMIND-MAgPIE 1.7-3.0,1.5ºC,Middle East + Africa,Transportation,EJ/yr,2050,21.4203,-21.4203,235174091678,1597291100450,-230832340839.95,-160252138170,4341750838.05,1437038962280,
REMIND-MAgPIE 1.7-3.0,1.5ºC,Middle East + Africa,Transportation,EJ/yr,2060,22.5669,-22.5669,242906549687.28,2245532047520,-235448103251.09,-243008760980,7458446436.19,2002523286540,
REMIND-MAgPIE 1.7-3.0,1.5ºC,Middle East + Africa,Transportation,EJ/yr,2070,25.8234,-25.8234,269614548157.24,3051155852850,-258900416579.03,-790022622690,10714131578.21,2261133230160,
REMIND-MAgPIE 1.7-3.0,1.5ºC,Middle East + Africa,Transportation,EJ/yr,2080,32.4576,-32.4576,352125070909.96,4417892335440,-335812059805.96,-1319581919860,16313011104,3098310415580,
REMIND-MAgPIE 1.7-3.0,1.5ºC,Middle East + Africa,Transportation,EJ/yr,2090,36.6186,-36.6186,411986007719.44,5693545669840,-390283361070.19,-2534384023860,21702646649.25,3159161645980,
REMIND-MAgPIE 1.7-3.0,1.5ºC,Middle East + Africa,Transportation,EJ/yr,2100,43.9638,-43.9638,580144126402.5,7509731532010,-549172761719.5,-3180270456100,30971364683,4329461075910,
REMIND-MAgPIE 1.7-3.0,1.5ºC,Latin America,Industry,EJ/yr,2020,14.3952,-14.3952,113460972.775142,182297303080,0,0,113460972.775142,182297303080,
REMIND-MAgPIE 1.7-3.0,1.5ºC,Latin America,Industry,EJ/yr,2030,14.0196,-14.0196,24390841876.5569,284444490540,-24242572496.7223,-43887958840,148269379.834645,240556531700,
REMIND-MAgPIE 1.7-3.0,1.5ºC,Latin America,Industry,EJ/yr,2040,16.9374,-16.9374,19902658090.3625,392157197060,-19505027229.461,-57841676930,397630860.901492,334315520130,
REMIND-MAgPIE 1.7-3.0,1.5ºC,Latin America,Industry,EJ/yr,2050,21.4743,-21.4743,15238615470.8128,500811685920,-14489457918.46,-78401050260,749157552.352841,422410635660,
REMIND-MAgPIE 1.7-3.0,1.5ºC,Latin America,Industry,EJ/yr,2060,24.5217,-24.5217,22078942925.3063,687798961140,-20896391138.2153,-157131392510,1182551787.09102,530667568630,
REMIND-MAgPIE 1.7-3.0,1.5ºC,Latin America,Industry,EJ/yr,2070,27.6026,-27.6026,31629185233.2209,863349228270,-29805209362.1278,-240065160200,1823975871.09311,623284068070,
REMIND-MAgPIE 1.7-3.0,1.5ºC,Latin America,Industry,EJ/yr,2080,30.4331,-30.4331,38468707516.2451,1063069082540,-36011108527.5655,-325267773280,2457598988.67955,737801309260,
REMIND-MAgPIE 1.7-3.0,1.5ºC,Latin America,Industry,EJ/yr,2090,33.1398,-33.1398,45374495841.3321,1149843388720,-42123733049.5326,-410372028720,3250762791.79954,739471360000,
REMIND-MAgPIE 1.7-3.0,1.5ºC,Latin America,Industry,EJ/yr,2100,35.1486,-35.1486,50429578118.8008,1235383736630,-46348595828.4904,-417653582110,4080982290.31038,817730154520,
REMIND-MAgPIE 1.7-3.0,1.5ºC,Latin America,Residential and Commercial,EJ/yr,2020,6.7347,-6.7347,72642101.74,0,0,0,72642101.74,0,
REMIND-MAgPIE 1.7-3.0,1.5ºC,Latin America,Residential and Commercial,EJ/yr,2030,7.7973,-7.7973,11379372236.18,0,-11272605262.97,0,106766973.21,0,
REMIND-MAgPIE 1.7-3.0,1.5ºC,Latin America,Residential and Commercial,EJ/yr,2040,9.9467,-9.9467,17036034180.42,0,-16704011942.97,0,332022237.45,0,
REMIND-MAgPIE 1.7-3.0,1.5ºC,Latin America,Residential and Commercial,EJ/yr,2050,13.4049,-13.4049,23941163279.19,0,-23299885429.23,0,641277849.96,0,
REMIND-MAgPIE 1.7-3.0,1.5ºC,Latin America,Residential and Commercial,EJ/yr,2060,16.5184,-16.5184,27708576976.71,0,-26582912974.08,0,1125664002.63,0,
REMIND-MAgPIE 1.7-3.0,1.5ºC,Latin America,Residential and Commercial,EJ/yr,2070,20.8683,-20.8683,32279156337.89,0,-30456943314.17,0,1822213023.72,0,
REMIND-MAgPIE 1.7-3.0,1.5ºC,Latin America,Residential and Commercial,EJ/yr,2080,24.6916,-24.6916,49300554112.2,0,-46555766477,0,2744787635.2,0,
REMIND-MAgPIE 1.7-3.0,1.5ºC,Latin America,Residential and Commercial,EJ/yr,2090,28.4219,-28.4219,65295705747.58,0,-61340099441.83,0,3955606305.75,0,
REMIND-MAgPIE 1.7-3.0,1.5ºC,Latin America,Residential and Commercial,EJ/yr,2100,32.6082,-32.6082,78307663907.4,0,-72654241147.57,0,5653422759.83,0,
REMIND-MAgPIE 1.7-3.0,1.5ºC,Latin America,Transportation,EJ/yr,2020,12.1895,-12.1895,372051140.43,191450830320,0,0,372051140.43,191450830320,
REMIND-MAgPIE 1.7-3.0,1.5ºC,Latin America,Transportation,EJ/yr,2030,12.0729,-12.0729,72107682288.98,305810321470,-71648188999.15,-82533293460,459493289.83,223277028010,
REMIND-MAgPIE 1.7-3.0,1.5ºC,Latin America,Transportation,EJ/yr,2040,11.9318,-11.9318,88910975622.06,382302554860,-87643538483.46,-85632208560,1267437138.6,296670346300,
REMIND-MAgPIE 1.7-3.0,1.5ºC,Latin America,Transportation,EJ/yr,2050,11.8746,-11.8746,82203252549.39,387631493800,-79836112891.68,8271132410,2367139657.71,395902626210,
REMIND-MAgPIE 1.7-3.0,1.5ºC,Latin America,Transportation,EJ/yr,2060,10.8376,-10.8376,50100108554.52,474393600680,-46525185616.25,4863382840,3574922938.27,479256983520,
REMIND-MAgPIE 1.7-3.0,1.5ºC,Latin America,Transportation,EJ/yr,2070,10.3448,-10.3448,28701966609.47,506506578210,-24326286353.03,-53444294030,4375680256.44,453062284180,
REMIND-MAgPIE 1.7-3.0,1.5ºC,Latin America,Transportation,EJ/yr,2080,10.7917,-10.7917,42628464886.7,610362254880,-37276796549.1,-75328265510,5351668337.6,535033989370,
REMIND-MAgPIE 1.7-3.0,1.5ºC,Latin America,Transportation,EJ/yr,2090,10.019,-10.019,50123778989.9,688477971920,-43767064304.15,-182333992530,6356714685.75,506143979390,
REMIND-MAgPIE 1.7-3.0,1.5ºC,Latin America,Transportation,EJ/yr,2100,10.9467,-10.9467,70043845907.4,774826319520,-61929862948.66,-174486724080,8113982958.74,600339595440,
REMIND-MAgPIE 1.7-3.0,1.5ºC,Central Asia,Industry,EJ/yr,2020,8.9915,-8.9915,40188126.104169,80859785040,0,0,40188126.104169,80859785040,
REMIND-MAgPIE 1.7-3.0,1.5ºC,Central Asia,Industry,EJ/yr,2030,6.2644,-6.2644,7498453068.71301,113241755820,-7453680360.35169,-20341354410,44772708.361321,92900401410,
REMIND-MAgPIE 1.7-3.0,1.5ºC,Central Asia,Industry,EJ/yr,2040,6.1926,-6.1926,5351083107.44587,130231495650,-5245579075.24861,-31593751430,105504032.197266,98637744220,
REMIND-MAgPIE 1.7-3.0,1.5ºC,Central Asia,Industry,EJ/yr,2050,6.7444,-6.7444,3688745549.50602,126318488830,-3508436083.25273,-24885440050,180309466.253288,101433048780,
REMIND-MAgPIE 1.7-3.0,1.5ºC,Central Asia,Industry,EJ/yr,2060,6.6932,-6.6932,5091281421.69624,153584180100,-4820914247.18397,-37883540180,270367174.512273,115700639920,
REMIND-MAgPIE 1.7-3.0,1.5ºC,Central Asia,Industry,EJ/yr,2070,6.6985,-6.6985,6563370148.78125,167397416330,-6188449337.42258,-43432916700,374920811.358665,123964499630,
REMIND-MAgPIE 1.7-3.0,1.5ºC,Central Asia,Industry,EJ/yr,2080,7.1154,-7.1154,7866486561.10854,197429563510,-7369223077.65627,-58927944690,497263483.452273,138501618820,
REMIND-MAgPIE 1.7-3.0,1.5ºC,Central Asia,Industry,EJ/yr,2090,7.4626,-7.4626,8903973703.78688,195426221940,-8270415839.16934,-67389197600,633557864.617543,128037024340,
REMIND-MAgPIE 1.7-3.0,1.5ºC,Central Asia,Industry,EJ/yr,2100,7.3155,-7.3155,9717284486.42259,212687603240,-8933729276.98797,-76270561900,783555209.434624,136417041340,
REMIND-MAgPIE 1.7-3.0,1.5ºC,Central Asia,Residential and Commercial,EJ/yr,2020,7.0131,-7.0131,72921932.02,0,0,0,72921932.02,0,
REMIND-MAgPIE 1.7-3.0,1.5ºC,Central Asia,Residential and Commercial,EJ/yr,2030,5.0166,-5.0166,9557338620.96,0,-9484900920.34,0,72437700.62,0,
REMIND-MAgPIE 1.7-3.0,1.5ºC,Central Asia,Residential and Commercial,EJ/yr,2040,5.1256,-5.1256,9663109548.01,0,-9483963617.71,0,179145930.3,0,
REMIND-MAgPIE 1.7-3.0,1.5ºC,Central Asia,Residential and Commercial,EJ/yr,2050,5.7635,-5.7635,13136810771.15,0,-12839261863.79,0,297548907.36,0,
REMIND-MAgPIE 1.7-3.0,1.5ºC,Central Asia,Residential and Commercial,EJ/yr,2060,5.996,-5.996,15182037451.98,0,-14707098717.94,0,474938734.04,0,
REMIND-MAgPIE 1.7-3.0,1.5ºC,Central Asia,Residential and Commercial,EJ/yr,2070,6.3589,-6.3589,12939807313.18,0,-12326818530.79,0,612988782.39,0,
REMIND-MAgPIE 1.7-3.0,1.5ºC,Central Asia,Residential and Commercial,EJ/yr,2080,6.9494,-6.9494,16153840613.82,0,-15445146757.82,0,708693856,0,
REMIND-MAgPIE 1.7-3.0,1.5ºC,Central Asia,Residential and Commercial,EJ/yr,2090,7.4037,-7.4037,18365699398.2,0,-17544245053.2,0,821454345,0,
REMIND-MAgPIE 1.7-3.0,1.5ºC,Central Asia,Residential and Commercial,EJ/yr,2100,7.5219,-7.5219,18326669178.6,0,-17349747124.18,0,976922054.42,0,
REMIND-MAgPIE 1.7-3.0,1.5ºC,Central Asia,Transportation,EJ/yr,2020,3.4143,-3.4143,103040743.03,53386520030,0,0,103040743.03,53386520030,
REMIND-MAgPIE 1.7-3.0,1.5ºC,Central Asia,Transportation,EJ/yr,2030,3.1375,-3.1375,18604606752.42,81243385910,-18489732567.7,-13584133520,114874184.72,67659252390,
REMIND-MAgPIE 1.7-3.0,1.5ºC,Central Asia,Transportation,EJ/yr,2040,2.936,-2.936,25415921880.06,87339456700,-25126398156.81,-18712646890,289523723.25,68626809810,
REMIND-MAgPIE 1.7-3.0,1.5ºC,Central Asia,Transportation,EJ/yr,2050,2.558,-2.558,26313672511.56,89112613960,-25790468934.81,-16225343040,523203576.75,72887270920,
REMIND-MAgPIE 1.7-3.0,1.5ºC,Central Asia,Transportation,EJ/yr,2060,2.1802,-2.1802,20517685199.91,99303846540,-19717226187.05,-11412301680,800459012.86,87891544860,
REMIND-MAgPIE 1.7-3.0,1.5ºC,Central Asia,Transportation,EJ/yr,2070,2.1074,-2.1074,15185754820.28,102283719990,-14120606338.77,-11667825630,1065148481.51,90615894360,
REMIND-MAgPIE 1.7-3.0,1.5ºC,Central Asia,Transportation,EJ/yr,2080,2.1986,-2.1986,8670282348.36,127805736550,-7265564561.16,-10758421370,1404717787.2,117047315180,
REMIND-MAgPIE 1.7-3.0,1.5ºC,Central Asia,Transportation,EJ/yr,2090,2.2127,-2.2127,9915345093.5,119171701750,-8518053230,-20192970630,1397291863.5,98978731120,
REMIND-MAgPIE 1.7-3.0,1.5ºC,Central Asia,Transportation,EJ/yr,2100,2.4329,-2.4329,13677307441.5,144685114040,-12020667755.15,-27448899110,1656639686.35,117236214930,
REMIND-MAgPIE 1.7-3.0,1.5ºC,OECD90 + EU,Industry,EJ/yr,2020,51.0982,-51.0982,2764531188.62321,2726196056550,-3126525.09783983,0,2761404663.52537,2726196056550,
REMIND-MAgPIE 1.7-3.0,1.5ºC,OECD90 + EU,Industry,EJ/yr,2030,47.0167,-47.0167,75936546972.0864,4042253533620,-72729482717.2862,-797495080380,3207064254.80015,3244758453240,
REMIND-MAgPIE 1.7-3.0,1.5ºC,OECD90 + EU,Industry,EJ/yr,2040,48.5616,-48.5616,56035973811.4445,4670862574640,-52195926013.5499,-1011109760490,3840047797.8946,3659752814150,
REMIND-MAgPIE 1.7-3.0,1.5ºC,OECD90 + EU,Industry,EJ/yr,2050,52.7928,-52.7928,39434122052.7179,5305612166610,-34882547940.3111,-1181020466910,4551574112.40683,4124591699700,
REMIND-MAgPIE 1.7-3.0,1.5ºC,OECD90 + EU,Industry,EJ/yr,2060,56.3152,-56.3152,55830447398.0012,6138546079090,-50458518255.876,-1607864651560,5371929142.12515,4530681427530,
REMIND-MAgPIE 1.7-3.0,1.5ºC,OECD90 + EU,Industry,EJ/yr,2070,59.0087,-59.0087,74454667976.9452,7046589089670,-68188893584.6261,-2033200712870,6265774392.31912,5013388376800,
REMIND-MAgPIE 1.7-3.0,1.5ºC,OECD90 + EU,Industry,EJ/yr,2080,62.7101,-62.7101,90545769329.0823,7937525586880,-83319044078.4915,-2486413721230,7226725250.59082,5451111865650,
REMIND-MAgPIE 1.7-3.0,1.5ºC,OECD90 + EU,Industry,EJ/yr,2090,67.2997,-67.2997,104110108770.299,7942654623000,-95867287630.2766,-2812775406950,8242821140.02242,5129879216050,
REMIND-MAgPIE 1.7-3.0,1.5ºC,OECD90 + EU,Industry,EJ/yr,2100,70.5332,-70.5332,115297370372.622,8337164572050,-105994831123.654,-2856102018770,9302539248.96784,5481062553280,
REMIND-MAgPIE 1.7-3.0,1.5ºC,OECD90 + EU,Residential and Commercial,EJ/yr,2020,56.2711,-56.2711,5338396484.65026,0,-6037418.08382034,0,5332359066.56644,0,
REMIND-MAgPIE 1.7-3.0,1.5ºC,OECD90 + EU,Residential and Commercial,EJ/yr,2030,52.7437,-52.7437,126348922272.3,0,-120541959645.347,0,5806962626.95314,0,
REMIND-MAgPIE 1.7-3.0,1.5ºC,OECD90 + EU,Residential and Commercial,EJ/yr,2040,55.0149,-55.0149,148132626402.48,0,-141136380326.796,0,6996246075.68428,0,
REMIND-MAgPIE 1.7-3.0,1.5ºC,OECD90 + EU,Residential and Commercial,EJ/yr,2050,61.0226,-61.0226,158961213697.79,0,-150929530119.919,0,8031683577.87074,0,
REMIND-MAgPIE 1.7-3.0,1.5ºC,OECD90 + EU,Residential and Commercial,EJ/yr,2060,66.3795,-66.3795,163201483225.26,0,-153772994906.573,0,9428488318.68731,0,
REMIND-MAgPIE 1.7-3.0,1.5ºC,OECD90 + EU,Residential and Commercial,EJ/yr,2070,69.4795,-69.4795,167965304568.05,0,-156997430458.978,0,10967874109.0722,0,
REMIND-MAgPIE 1.7-3.0,1.5ºC,OECD90 + EU,Residential and Commercial,EJ/yr,2080,73.1161,-73.1161,189466355845.62,0,-176578904597.409,0,12887451248.2111,0,
REMIND-MAgPIE 1.7-3.0,1.5ºC,OECD90 + EU,Residential and Commercial,EJ/yr,2090,77.4194,-77.4194,211140870226.44,0,-196951555076.942,0,14189315149.4981,0,
REMIND-MAgPIE 1.7-3.0,1.5ºC,OECD90 + EU,Residential and Commercial,EJ/yr,2100,78.8227,-78.8227,230872205868.9,0,-215081047899,0,15791157969.9,0,
REMIND-MAgPIE 1.7-3.0,1.5ºC,OECD90 + EU,Transportation,EJ/yr,2020,52.5555,-52.5555,11286856858.3837,3280066236340,-12764783.1894989,0,11274092075.1942,3280066236340,
REMIND-MAgPIE 1.7-3.0,1.5ºC,OECD90 + EU,Transportation,EJ/yr,2030,51.757,-51.757,308646085436.52,5284570582360,-295923087629.025,-1334034466090,12722997807.4955,3950536116270,
REMIND-MAgPIE 1.7-3.0,1.5ºC,OECD90 + EU,Transportation,EJ/yr,2040,48.6646,-48.6646,364740755644.78,6025279171460,-349664201465.339,-1618617785500,15076554179.4408,4406661385960,
REMIND-MAgPIE 1.7-3.0,1.5ºC,OECD90 + EU,Transportation,EJ/yr,2050,49.2149,-49.2149,379078586085.94,7062662301600,-361539170722.026,-1684875496850,17539415363.914,5377786804750,
REMIND-MAgPIE 1.7-3.0,1.5ºC,OECD90 + EU,Transportation,EJ/yr,2060,52.0231,-52.0231,405349470457.65,9241793127240,-385995418921.45,-2808540138710,19354051536.1995,6433252988530,
REMIND-MAgPIE 1.7-3.0,1.5ºC,OECD90 + EU,Transportation,EJ/yr,2070,52.7073,-52.7073,337853209552.76,11911861761810,-318098384172.449,-5164874616050,19754825380.3108,6746987145760,
REMIND-MAgPIE 1.7-3.0,1.5ºC,OECD90 + EU,Transportation,EJ/yr,2080,55.3857,-55.3857,285564478126.8,15164830532840,-264534536000.999,-7501085852530,21029942125.8013,7663744680310,
REMIND-MAgPIE 1.7-3.0,1.5ºC,OECD90 + EU,Transportation,EJ/yr,2090,55.1226,-55.1226,254280444712.14,16704611455160,-234115928025.7,-9944141083990,20164516686.4403,6760470371170,
REMIND-MAgPIE 1.7-3.0,1.5ºC,OECD90 + EU,Transportation,EJ/yr,2100,58.2055,-58.2055,272874989078.1,19384982431540,-251091982688.31,-11509045656920,21783006389.79,7875936774620,
